vtkOriginalIndices,Points:0,Points:1,Points:2,U:0,U:1,U:2,__vtkIsSelected__,arc_length,epsilon,k,vtkValidPointMask
0,4000,0,0,0,0,0,0,0,1.21786,1e-15,1
1,4000,0,0.5,5.15222,0,-2.8962e-06,0,0.5,1.04373,1.16143,1
2,4000,0,1,6.44229,0,-4.38071e-06,0,1,0.869594,1.41038,1
3,4000,0,1.5,7.04778,0,-7.04708e-06,0,1.5,0.655588,1.44122,1
4,4000,0,2,7.65181,0,-9.71599e-06,0,2,0.441497,1.47159,1
5,4000,0,2.5,8.0277,0,-1.28763e-05,0,2.5,0.349343,1.46395,1
6,4000,0,3,8.36128,0,-1.61278e-05,0,3,0.279802,1.44927,1
7,4000,0,3.5,8.63912,0,-1.94563e-05,0,3.5,0.230944,1.43871,1
8,4000,0,4,8.86663,0,-2.28546e-05,0,4,0.200758,1.43186,1
9,4000,0,4.5,9.09229,0,-2.6246e-05,0,4.5,0.171018,1.42512,1
10,4000,0,5,9.26083,0,-2.94286e-05,0,5,0.155062,1.42153,1
11,4000,0,5.5,9.42937,0,-3.26112e-05,0,5.5,0.139105,1.41793,1
12,4000,0,6,9.58503,0,-3.56381e-05,0,6,0.125398,1.41488,1
13,4000,0,6.5,9.71649,0,-3.83729e-05,0,6.5,0.115913,1.41283,1
14,4000,0,7,9.84796,0,-4.11076e-05,0,7,0.106428,1.41079,1
15,4000,0,7.5,9.9678,0,-4.35707e-05,0,7.5,0.0985034,1.40912,1
16,4000,0,8,10.074,0,-4.57147e-05,0,8,0.0924127,1.40788,1
17,4000,0,8.5,10.1802,0,-4.78588e-05,0,8.5,0.086322,1.40665,1
18,4000,0,9,10.2799,0,-4.97657e-05,0,9,0.0809231,1.40557,1
19,4000,0,9.5,10.3678,0,-5.12373e-05,0,9.5,0.076794,1.40479,1
20,4000,0,10,10.4558,0,-5.27089e-05,0,10,0.0726649,1.40401,1
21,4000,0,10.5,10.5436,0,-5.4174e-05,0,10.5,0.0685472,1.40322,1
22,4000,0,11,10.6178,0,-5.49537e-05,0,11,0.0656335,1.4027,1
23,4000,0,11.5,10.692,0,-5.57335e-05,0,11.5,0.0627198,1.40218,1
24,4000,0,12,10.7661,0,-5.65132e-05,0,12,0.0598061,1.40166,1
25,4000,0,12.5,10.8359,0,-5.70035e-05,0,12.5,0.0572192,1.4012,1
26,4000,0,13,10.8994,0,-5.70807e-05,0,13,0.055099,1.40083,1
27,4000,0,13.5,10.9629,0,-5.71578e-05,0,13.5,0.0529787,1.40046,1
28,4000,0,14,11.0264,0,-5.72349e-05,0,14,0.0508584,1.4001,1
29,4000,0,14.5,11.0853,0,-5.69239e-05,0,14.5,0.04903,1.39978,1
30,4000,0,15,11.1403,0,-5.62836e-05,0,15,0.0474492,1.39951,1
31,4000,0,15.5,11.1953,0,-5.56434e-05,0,15.5,0.0458684,1.39923,1
32,4000,0,16,11.2503,0,-5.50031e-05,0,16,0.0442876,1.39896,1
33,4000,0,16.5,11.3027,0,-5.41014e-05,0,16.5,0.0428492,1.39871,1
34,4000,0,17,11.3507,0,-5.2766e-05,0,17,0.0416473,1.39849,1
35,4000,0,17.5,11.3988,0,-5.14306e-05,0,17.5,0.0404453,1.39828,1
36,4000,0,18,11.4469,0,-5.00952e-05,0,18,0.0392434,1.39806,1
37,4000,0,18.5,11.4949,0,-4.87598e-05,0,18.5,0.0380414,1.39785,1
38,4000,0,19,11.5378,0,-4.6821e-05,0,19,0.0370839,1.39766,1
39,4000,0,19.5,11.5802,0,-4.48111e-05,0,19.5,0.0361551,1.39748,1
40,4000,0,20,11.6225,0,-4.28012e-05,0,20,0.0352264,1.3973,1
41,4000,0,20.5,11.6648,0,-4.07913e-05,0,20.5,0.0342976,1.39712,1
42,4000,0,21,11.7068,0,-3.87339e-05,0,21,0.0333834,1.39694,1
43,4000,0,21.5,11.7443,0,-3.60685e-05,0,21.5,0.0326561,1.39678,1
44,4000,0,22,11.7818,0,-3.34032e-05,0,22,0.0319287,1.39662,1
45,4000,0,22.5,11.8193,0,-3.07378e-05,0,22.5,0.0312013,1.39646,1
46,4000,0,23,11.8568,0,-2.80725e-05,0,23,0.0304739,1.3963,1
47,4000,0,23.5,11.8944,0,-2.54071e-05,0,23.5,0.0297465,1.39614,1
48,4000,0,24,11.9283,0,-2.21896e-05,0,24,0.0291527,1.39599,1
49,4000,0,24.5,11.9617,0,-1.88996e-05,0,24.5,0.0285765,1.39585,1
50,4000,0,25,11.9951,0,-1.56095e-05,0,25,0.0280002,1.3957,1
51,4000,0,25.5,12.0285,0,-1.23194e-05,0,25.5,0.027424,1.39555,1
52,4000,0,26,12.0619,0,-9.0293e-06,0,26,0.0268478,1.39541,1
53,4000,0,26.5,12.0943,0,-5.56143e-06,0,26.5,0.0263062,1.39526,1
54,4000,0,27,12.1242,0,-1.68037e-06,0,27,0.0258453,1.39512,1
55,4000,0,27.5,12.1541,0,2.2007e-06,0,27.5,0.0253844,1.39499,1
56,4000,0,28,12.1841,0,6.08177e-06,0,28,0.0249235,1.39485,1
57,4000,0,28.5,12.214,0,9.96284e-06,0,28.5,0.0244626,1.39471,1
58,4000,0,29,12.2439,0,1.38439e-05,0,29,0.0240016,1.39457,1
59,4000,0,29.5,12.2729,0,1.78868e-05,0,29.5,0.0235669,1.39444,1
60,4000,0,30,12.2998,0,2.23193e-05,0,30,0.0231951,1.3943,1
61,4000,0,30.5,12.3267,0,2.67518e-05,0,30.5,0.0228233,1.39417,1
62,4000,0,31,12.3535,0,3.11843e-05,0,31,0.0224516,1.39404,1
63,4000,0,31.5,12.3804,0,3.56167e-05,0,31.5,0.0220798,1.39391,1
64,4000,0,32,12.4073,0,4.00492e-05,0,32,0.021708,1.39378,1
65,4000,0,32.5,12.4342,0,4.44817e-05,0,32.5,0.0213362,1.39365,1
66,4000,0,33,12.4588,0,4.93336e-05,0,33,0.0210223,1.39353,1
67,4000,0,33.5,12.4831,0,5.42715e-05,0,33.5,0.0207203,1.3934,1
68,4000,0,34,12.5073,0,5.92094e-05,0,34,0.0204183,1.39328,1
69,4000,0,34.5,12.5315,0,6.41473e-05,0,34.5,0.0201162,1.39315,1
70,4000,0,35,12.5558,0,6.90852e-05,0,35,0.0198142,1.39303,1
71,4000,0,35.5,12.58,0,7.40231e-05,0,35.5,0.0195122,1.3929,1
72,4000,0,36,12.6042,0,7.8961e-05,0,36,0.0192101,1.39278,1
73,4000,0,36.5,12.6264,0,8.42943e-05,0,36.5,0.0189563,1.39266,1
74,4000,0,37,12.6483,0,8.96842e-05,0,37,0.0187094,1.39254,1
75,4000,0,37.5,12.6702,0,9.50741e-05,0,37.5,0.0184625,1.39243,1
76,4000,0,38,12.6921,0,0.000100464,0,38,0.0182156,1.39231,1
77,4000,0,38.5,12.714,0,0.000105854,0,38.5,0.0179687,1.39219,1
78,4000,0,39,12.7359,0,0.000111244,0,39,0.0177218,1.39207,1
79,4000,0,39.5,12.7578,0,0.000116634,0,39.5,0.0174749,1.39196,1
80,4000,0,40,12.7789,0,0.000122176,0,40,0.0172452,1.39184,1
81,4000,0,40.5,12.7988,0,0.000127956,0,40.5,0.0170423,1.39173,1
82,4000,0,41,12.8186,0,0.000133735,0,41,0.0168394,1.39162,1
83,4000,0,41.5,12.8384,0,0.000139515,0,41.5,0.0166364,1.39152,1
84,4000,0,42,12.8583,0,0.000145295,0,42,0.0164335,1.39141,1
85,4000,0,42.5,12.8781,0,0.000151074,0,42.5,0.0162306,1.3913,1
86,4000,0,43,12.898,0,0.000156854,0,43,0.0160277,1.39119,1
87,4000,0,43.5,12.9178,0,0.000162634,0,43.5,0.0158248,1.39108,1
88,4000,0,44,12.937,0,0.000168521,0,44,0.0156338,1.39098,1
89,4000,0,44.5,12.9551,0,0.000174619,0,44.5,0.0154663,1.39088,1
90,4000,0,45,12.9731,0,0.000180717,0,45,0.0152988,1.39078,1
91,4000,0,45.5,12.9911,0,0.000186815,0,45.5,0.0151312,1.39068,1
92,4000,0,46,13.0091,0,0.000192913,0,46,0.0149637,1.39059,1
93,4000,0,46.5,13.0271,0,0.000199012,0,46.5,0.0147962,1.39049,1
94,4000,0,47,13.0451,0,0.00020511,0,47,0.0146286,1.39039,1
95,4000,0,47.5,13.0631,0,0.000211208,0,47.5,0.0144611,1.39029,1
96,4000,0,48,13.0812,0,0.000217306,0,48,0.0142936,1.39019,1
97,4000,0,48.5,13.0981,0,0.000223564,0,48.5,0.0141454,1.39011,1
98,4000,0,49,13.1145,0,0.000229901,0,49,0.0140065,1.39002,1
99,4000,0,49.5,13.1308,0,0.000236237,0,49.5,0.0138677,1.38994,1
100,4000,0,50,13.1472,0,0.000242573,0,50,0.0137288,1.38985,1
101,4000,0,50.5,13.1636,0,0.00024891,0,50.5,0.01359,1.38977,1
102,4000,0,51,13.18,0,0.000255246,0,51,0.0134511,1.38968,1
103,4000,0,51.5,13.1964,0,0.000261582,0,51.5,0.0133123,1.3896,1
104,4000,0,52,13.2128,0,0.000267919,0,52,0.0131734,1.38951,1
105,4000,0,52.5,13.2292,0,0.000274255,0,52.5,0.0130346,1.38943,1
106,4000,0,53,13.245,0,0.000280644,0,53,0.0129039,1.38935,1
107,4000,0,53.5,13.26,0,0.000287131,0,53.5,0.0127885,1.38928,1
108,4000,0,54,13.2749,0,0.000293618,0,54,0.012673,1.38921,1
109,4000,0,54.5,13.2898,0,0.000300105,0,54.5,0.0125575,1.38914,1
110,4000,0,55,13.3047,0,0.000306592,0,55,0.0124421,1.38907,1
111,4000,0,55.5,13.3197,0,0.000313079,0,55.5,0.0123266,1.389,1
112,4000,0,56,13.3346,0,0.000319566,0,56,0.0122111,1.38893,1
113,4000,0,56.5,13.3495,0,0.000326053,0,56.5,0.0120956,1.38886,1
114,4000,0,57,13.3644,0,0.00033254,0,57,0.0119802,1.38879,1
115,4000,0,57.5,13.3794,0,0.000339027,0,57.5,0.0118647,1.38872,1
116,4000,0,58,13.3939,0,0.000345532,0,58,0.0117554,1.38866,1
117,4000,0,58.5,13.4075,0,0.000352076,0,58.5,0.0116591,1.38861,1
118,4000,0,59,13.4211,0,0.000358621,0,59,0.0115628,1.38856,1
119,4000,0,59.5,13.4347,0,0.000365165,0,59.5,0.0114665,1.3885,1
120,4000,0,60,13.4483,0,0.00037171,0,60,0.0113702,1.38845,1
121,4000,0,60.5,13.4619,0,0.000378254,0,60.5,0.011274,1.3884,1
122,4000,0,61,13.4756,0,0.000384799,0,61,0.0111777,1.38835,1
123,4000,0,61.5,13.4892,0,0.000391343,0,61.5,0.0110814,1.3883,1
124,4000,0,62,13.5028,0,0.000397888,0,62,0.0109851,1.38825,1
125,4000,0,62.5,13.5164,0,0.000404432,0,62.5,0.0108888,1.3882,1
126,4000,0,63,13.53,0,0.000410977,0,63,0.0107925,1.38814,1
127,4000,0,63.5,13.543,0,0.000417501,0,63.5,0.0107046,1.3881,1
128,4000,0,64,13.5554,0,0.000424008,0,64,0.0106241,1.38807,1
129,4000,0,64.5,13.5679,0,0.000430514,0,64.5,0.0105437,1.38804,1
130,4000,0,65,13.5803,0,0.00043702,0,65,0.0104632,1.38801,1
131,4000,0,65.5,13.5927,0,0.000443527,0,65.5,0.0103827,1.38798,1
132,4000,0,66,13.6052,0,0.000450033,0,66,0.0103023,1.38795,1
133,4000,0,66.5,13.6176,0,0.000456539,0,66.5,0.0102218,1.38791,1
134,4000,0,67,13.63,0,0.000463046,0,67,0.0101414,1.38788,1
135,4000,0,67.5,13.6425,0,0.000469552,0,67.5,0.0100609,1.38785,1
136,4000,0,68,13.6549,0,0.000476058,0,68,0.00998046,1.38782,1
137,4000,0,68.5,13.6673,0,0.000482565,0,68.5,0.0099,1.38779,1
138,4000,0,69,13.6798,0,0.000489071,0,69,0.00981955,1.38776,1
139,4000,0,69.5,13.6912,0,0.000495455,0,69.5,0.00975104,1.38775,1
140,4000,0,70,13.7026,0,0.000501828,0,70,0.00968369,1.38774,1
141,4000,0,70.5,13.7139,0,0.000508201,0,70.5,0.00961634,1.38773,1
142,4000,0,71,13.7253,0,0.000514574,0,71,0.00954899,1.38772,1
143,4000,0,71.5,13.7367,0,0.000520946,0,71.5,0.00948163,1.38771,1
144,4000,0,72,13.748,0,0.000527319,0,72,0.00941428,1.3877,1
145,4000,0,72.5,13.7594,0,0.000533692,0,72.5,0.00934693,1.38769,1
146,4000,0,73,13.7708,0,0.000540064,0,73,0.00927958,1.38768,1
147,4000,0,73.5,13.7821,0,0.000546437,0,73.5,0.00921223,1.38767,1
148,4000,0,74,13.7935,0,0.00055281,0,74,0.00914488,1.38766,1
149,4000,0,74.5,13.8049,0,0.000559183,0,74.5,0.00907753,1.38765,1
150,4000,0,75,13.8162,0,0.000565555,0,75,0.00901018,1.38764,1
151,4000,0,75.5,13.8272,0,0.000571834,0,75.5,0.00894735,1.38764,1
152,4000,0,76,13.8376,0,0.000577982,0,76,0.00889089,1.38765,1
153,4000,0,76.5,13.848,0,0.000584129,0,76.5,0.00883444,1.38767,1
154,4000,0,77,13.8584,0,0.000590276,0,77,0.00877799,1.38768,1
155,4000,0,77.5,13.8688,0,0.000596424,0,77.5,0.00872154,1.3877,1
156,4000,0,78,13.8792,0,0.000602571,0,78,0.00866508,1.38771,1
157,4000,0,78.5,13.8896,0,0.000608718,0,78.5,0.00860863,1.38772,1
158,4000,0,79,13.9,0,0.000614865,0,79,0.00855218,1.38774,1
159,4000,0,79.5,13.9104,0,0.000621013,0,79.5,0.00849572,1.38775,1
160,4000,0,80,13.9208,0,0.00062716,0,80,0.00843927,1.38777,1
161,4000,0,80.5,13.9312,0,0.000633307,0,80.5,0.00838282,1.38778,1
162,4000,0,81,13.9416,0,0.000639455,0,81,0.00832637,1.38779,1
163,4000,0,81.5,13.952,0,0.000645602,0,81.5,0.00826991,1.38781,1
164,4000,0,82,13.9624,0,0.000651749,0,82,0.00821346,1.38782,1
165,4000,0,82.5,13.9719,0,0.000657596,0,82.5,0.00816581,1.38786,1
166,4000,0,83,13.9814,0,0.000663433,0,83,0.00811846,1.3879,1
167,4000,0,83.5,13.991,0,0.000669269,0,83.5,0.0080711,1.38794,1
168,4000,0,84,14.0005,0,0.000675106,0,84,0.00802374,1.38798,1
169,4000,0,84.5,14.01,0,0.000680943,0,84.5,0.00797638,1.38801,1
170,4000,0,85,14.0195,0,0.00068678,0,85,0.00792902,1.38805,1
171,4000,0,85.5,14.0291,0,0.000692617,0,85.5,0.00788166,1.38809,1
172,4000,0,86,14.0386,0,0.000698453,0,86,0.0078343,1.38813,1
173,4000,0,86.5,14.0481,0,0.00070429,0,86.5,0.00778694,1.38817,1
174,4000,0,87,14.0576,0,0.000710127,0,87,0.00773958,1.38821,1
175,4000,0,87.5,14.0672,0,0.000715964,0,87.5,0.00769223,1.38825,1
176,4000,0,88,14.0767,0,0.000721801,0,88,0.00764487,1.38828,1
177,4000,0,88.5,14.0862,0,0.000727637,0,88.5,0.00759751,1.38832,1
178,4000,0,89,14.0957,0,0.000733474,0,89,0.00755015,1.38836,1
179,4000,0,89.5,14.1049,0,0.000739118,0,89.5,0.00750659,1.38841,1
180,4000,0,90,14.1136,0,0.000744569,0,90,0.00746684,1.38847,1
181,4000,0,90.5,14.1223,0,0.00075002,0,90.5,0.00742709,1.38854,1
182,4000,0,91,14.1311,0,0.000755471,0,91,0.00738734,1.3886,1
183,4000,0,91.5,14.1398,0,0.000760922,0,91.5,0.00734759,1.38866,1
184,4000,0,92,14.1485,0,0.000766373,0,92,0.00730784,1.38873,1
185,4000,0,92.5,14.1572,0,0.000771824,0,92.5,0.00726809,1.38879,1
186,4000,0,93,14.166,0,0.000777275,0,93,0.00722834,1.38886,1
187,4000,0,93.5,14.1747,0,0.000782726,0,93.5,0.00718859,1.38892,1
188,4000,0,94,14.1834,0,0.000788177,0,94,0.00714884,1.38898,1
189,4000,0,94.5,14.1922,0,0.000793628,0,94.5,0.00710909,1.38905,1
190,4000,0,95,14.2009,0,0.000799079,0,95,0.00706934,1.38911,1
191,4000,0,95.5,14.2096,0,0.000804529,0,95.5,0.00702959,1.38917,1
192,4000,0,96,14.2184,0,0.00080998,0,96,0.00698984,1.38924,1
193,4000,0,96.5,14.2271,0,0.000815431,0,96.5,0.00695009,1.3893,1
194,4000,0,97,14.2358,0,0.000820882,0,97,0.00691035,1.38936,1
195,4000,0,97.5,14.2439,0,0.000825915,0,97.5,0.00687654,1.38945,1
196,4000,0,98,14.2519,0,0.000830916,0,98,0.00684317,1.38954,1
197,4000,0,98.5,14.2599,0,0.000835918,0,98.5,0.0068098,1.38962,1
198,4000,0,99,14.2679,0,0.00084092,0,99,0.00677643,1.38971,1
199,4000,0,99.5,14.2759,0,0.000845921,0,99.5,0.00674307,1.3898,1
200,4000,0,100,14.284,0,0.000850923,0,100,0.0067097,1.38989,1
201,4000,0,100.5,14.292,0,0.000855925,0,100.5,0.00667633,1.38998,1
202,4000,0,101,14.3,0,0.000860927,0,101,0.00664296,1.39007,1
203,4000,0,101.5,14.308,0,0.000865928,0,101.5,0.00660959,1.39015,1
204,4000,0,102,14.316,0,0.00087093,0,102,0.00657622,1.39024,1
205,4000,0,102.5,14.324,0,0.000875932,0,102.5,0.00654285,1.39033,1
206,4000,0,103,14.332,0,0.000880933,0,103,0.00650948,1.39042,1
207,4000,0,103.5,14.34,0,0.000885935,0,103.5,0.00647611,1.39051,1
208,4000,0,104,14.3481,0,0.000890937,0,104,0.00644274,1.3906,1
209,4000,0,104.5,14.3561,0,0.000895938,0,104.5,0.00640938,1.39068,1
210,4000,0,105,14.3641,0,0.00090094,0,105,0.00637601,1.39077,1
211,4000,0,105.5,14.372,0,0.000905852,0,105.5,0.00634361,1.39086,1
212,4000,0,106,14.3793,0,0.000910355,0,106,0.0063156,1.39098,1
213,4000,0,106.5,14.3867,0,0.000914857,0,106.5,0.00628759,1.39109,1
214,4000,0,107,14.3941,0,0.00091936,0,107,0.00625958,1.3912,1
215,4000,0,107.5,14.4014,0,0.000923863,0,107.5,0.00623157,1.39131,1
216,4000,0,108,14.4088,0,0.000928366,0,108,0.00620357,1.39143,1
217,4000,0,108.5,14.4161,0,0.000932869,0,108.5,0.00617556,1.39154,1
218,4000,0,109,14.4235,0,0.000937372,0,109,0.00614755,1.39165,1
219,4000,0,109.5,14.4309,0,0.000941874,0,109.5,0.00611954,1.39176,1
220,4000,0,110,14.4382,0,0.000946377,0,110,0.00609153,1.39188,1
221,4000,0,110.5,14.4456,0,0.00095088,0,110.5,0.00606353,1.39199,1
222,4000,0,111,14.4529,0,0.000955383,0,111,0.00603552,1.3921,1
223,4000,0,111.5,14.4603,0,0.000959886,0,111.5,0.00600751,1.39221,1
224,4000,0,112,14.4677,0,0.000964388,0,112,0.0059795,1.39233,1
225,4000,0,112.5,14.475,0,0.000968891,0,112.5,0.00595149,1.39244,1
226,4000,0,113,14.4824,0,0.000973394,0,113,0.00592349,1.39255,1
227,4000,0,113.5,14.4897,0,0.000977897,0,113.5,0.00589548,1.39266,1
228,4000,0,114,14.4971,0,0.0009824,0,114,0.00586747,1.39278,1
229,4000,0,114.5,14.5044,0,0.000986819,0,114.5,0.00584017,1.39289,1
230,4000,0,115,14.5112,0,0.000990788,0,115,0.00581667,1.39303,1
231,4000,0,115.5,14.5179,0,0.000994756,0,115.5,0.00579317,1.39316,1
232,4000,0,116,14.5247,0,0.000998724,0,116,0.00576967,1.3933,1
233,4000,0,116.5,14.5315,0,0.00100269,0,116.5,0.00574618,1.39343,1
234,4000,0,117,14.5382,0,0.00100666,0,117,0.00572268,1.39357,1
235,4000,0,117.5,14.545,0,0.00101063,0,117.5,0.00569918,1.3937,1
236,4000,0,118,14.5518,0,0.0010146,0,118,0.00567568,1.39384,1
237,4000,0,118.5,14.5585,0,0.00101857,0,118.5,0.00565219,1.39397,1
238,4000,0,119,14.5653,0,0.00102253,0,119,0.00562869,1.39411,1
239,4000,0,119.5,14.5721,0,0.0010265,0,119.5,0.00560519,1.39424,1
240,4000,0,120,14.5789,0,0.00103047,0,120,0.00558169,1.39438,1
241,4000,0,120.5,14.5856,0,0.00103444,0,120.5,0.0055582,1.39452,1
242,4000,0,121,14.5924,0,0.00103841,0,121,0.0055347,1.39465,1
243,4000,0,121.5,14.5992,0,0.00104238,0,121.5,0.0055112,1.39479,1
244,4000,0,122,14.6059,0,0.00104635,0,122,0.0054877,1.39492,1
245,4000,0,122.5,14.6127,0,0.00105031,0,122.5,0.00546421,1.39506,1
246,4000,0,123,14.6195,0,0.00105428,0,123,0.00544071,1.39519,1
247,4000,0,123.5,14.6263,0,0.00105825,0,123.5,0.00541721,1.39533,1
248,4000,0,124,14.633,0,0.00106222,0,124,0.00539371,1.39546,1
249,4000,0,124.5,14.6394,0,0.00106576,0,124.5,0.00537311,1.39561,1
250,4000,0,125,14.6456,0,0.00106918,0,125,0.00535341,1.39577,1
251,4000,0,125.5,14.6519,0,0.00107259,0,125.5,0.00533372,1.39593,1
252,4000,0,126,14.6581,0,0.001076,0,126,0.00531402,1.39608,1
253,4000,0,126.5,14.6643,0,0.00107941,0,126.5,0.00529432,1.39624,1
254,4000,0,127,14.6706,0,0.00108283,0,127,0.00527462,1.3964,1
255,4000,0,127.5,14.6768,0,0.00108624,0,127.5,0.00525493,1.39655,1
256,4000,0,128,14.6831,0,0.00108965,0,128,0.00523523,1.39671,1
257,4000,0,128.5,14.6893,0,0.00109306,0,128.5,0.00521553,1.39687,1
258,4000,0,129,14.6955,0,0.00109648,0,129,0.00519583,1.39702,1
259,4000,0,129.5,14.7018,0,0.00109989,0,129.5,0.00517614,1.39718,1
260,4000,0,130,14.708,0,0.0011033,0,130,0.00515644,1.39734,1
261,4000,0,130.5,14.7142,0,0.00110671,0,130.5,0.00513674,1.39749,1
262,4000,0,131,14.7205,0,0.00111012,0,131,0.00511704,1.39765,1
263,4000,0,131.5,14.7267,0,0.00111354,0,131.5,0.00509735,1.39781,1
264,4000,0,132,14.7329,0,0.00111695,0,132,0.00507765,1.39796,1
265,4000,0,132.5,14.7392,0,0.00112036,0,132.5,0.00505795,1.39812,1
266,4000,0,133,14.7454,0,0.00112377,0,133,0.00503825,1.39828,1
267,4000,0,133.5,14.7517,0,0.00112719,0,133.5,0.00501856,1.39843,1
268,4000,0,134,14.7579,0,0.0011306,0,134,0.00499886,1.39859,1
269,4000,0,134.5,14.7641,0,0.00113401,0,134.5,0.00497916,1.39875,1
270,4000,0,135,14.7699,0,0.00113692,0,135,0.00496233,1.39892,1
271,4000,0,135.5,14.7757,0,0.00113977,0,135.5,0.00494583,1.39909,1
272,4000,0,136,14.7814,0,0.00114261,0,136,0.00492934,1.39927,1
273,4000,0,136.5,14.7872,0,0.00114546,0,136.5,0.00491284,1.39945,1
274,4000,0,137,14.7929,0,0.00114831,0,137,0.00489635,1.39962,1
275,4000,0,137.5,14.7987,0,0.00115116,0,137.5,0.00487986,1.3998,1
276,4000,0,138,14.8045,0,0.001154,0,138,0.00486336,1.39997,1
277,4000,0,138.5,14.8102,0,0.00115685,0,138.5,0.00484687,1.40015,1
278,4000,0,139,14.816,0,0.0011597,0,139,0.00483038,1.40032,1
279,4000,0,139.5,14.8217,0,0.00116255,0,139.5,0.00481388,1.4005,1
280,4000,0,140,14.8275,0,0.00116539,0,140,0.00479739,1.40067,1
281,4000,0,140.5,14.8332,0,0.00116824,0,140.5,0.0047809,1.40085,1
282,4000,0,141,14.839,0,0.00117109,0,141,0.0047644,1.40102,1
283,4000,0,141.5,14.8447,0,0.00117394,0,141.5,0.00474791,1.4012,1
284,4000,0,142,14.8505,0,0.00117678,0,142,0.00473142,1.40138,1
285,4000,0,142.5,14.8562,0,0.00117963,0,142.5,0.00471492,1.40155,1
286,4000,0,143,14.862,0,0.00118248,0,143,0.00469843,1.40173,1
287,4000,0,143.5,14.8677,0,0.00118533,0,143.5,0.00468193,1.4019,1
288,4000,0,144,14.8735,0,0.00118817,0,144,0.00466544,1.40208,1
289,4000,0,144.5,14.8792,0,0.00119102,0,144.5,0.00464895,1.40225,1
290,4000,0,145,14.885,0,0.00119387,0,145,0.00463245,1.40243,1
291,4000,0,145.5,14.8907,0,0.00119672,0,145.5,0.00461596,1.4026,1
292,4000,0,146,14.8963,0,0.00119932,0,146,0.00460065,1.40279,1
293,4000,0,146.5,14.9016,0,0.0012016,0,146.5,0.00458687,1.40298,1
294,4000,0,147,14.9069,0,0.00120388,0,147,0.00457308,1.40317,1
295,4000,0,147.5,14.9123,0,0.00120617,0,147.5,0.00455929,1.40336,1
296,4000,0,148,14.9176,0,0.00120845,0,148,0.0045455,1.40355,1
297,4000,0,148.5,14.9229,0,0.00121074,0,148.5,0.00453171,1.40374,1
298,4000,0,149,14.9282,0,0.00121302,0,149,0.00451792,1.40394,1
299,4000,0,149.5,14.9335,0,0.0012153,0,149.5,0.00450413,1.40413,1
300,4000,0,150,14.9389,0,0.00121759,0,150,0.00449034,1.40432,1
301,4000,0,150.5,14.9442,0,0.00121987,0,150.5,0.00447655,1.40451,1
302,4000,0,151,14.9495,0,0.00122216,0,151,0.00446276,1.4047,1
303,4000,0,151.5,14.9548,0,0.00122444,0,151.5,0.00444897,1.40489,1
304,4000,0,152,14.9601,0,0.00122672,0,152,0.00443518,1.40509,1
305,4000,0,152.5,14.9654,0,0.00122901,0,152.5,0.00442139,1.40528,1
306,4000,0,153,14.9708,0,0.00123129,0,153,0.0044076,1.40547,1
307,4000,0,153.5,14.9761,0,0.00123357,0,153.5,0.00439381,1.40566,1
308,4000,0,154,14.9814,0,0.00123586,0,154,0.00438002,1.40585,1
309,4000,0,154.5,14.9867,0,0.00123814,0,154.5,0.00436623,1.40604,1
310,4000,0,155,14.992,0,0.00124043,0,155,0.00435244,1.40624,1
311,4000,0,155.5,14.9974,0,0.00124271,0,155.5,0.00433866,1.40643,1
312,4000,0,156,15.0027,0,0.00124499,0,156,0.00432487,1.40662,1
313,4000,0,156.5,15.008,0,0.00124728,0,156.5,0.00431108,1.40681,1
314,4000,0,157,15.0133,0,0.00124956,0,157,0.00429729,1.407,1
315,4000,0,157.5,15.0186,0,0.00125184,0,157.5,0.0042835,1.40719,1
316,4000,0,158,15.0238,0,0.00125397,0,158,0.00427034,1.40739,1
317,4000,0,158.5,15.0288,0,0.0012557,0,158.5,0.00425884,1.40759,1
318,4000,0,159,15.0337,0,0.00125743,0,159,0.00424733,1.4078,1
319,4000,0,159.5,15.0386,0,0.00125916,0,159.5,0.00423583,1.408,1
320,4000,0,160,15.0435,0,0.00126088,0,160,0.00422432,1.40821,1
321,4000,0,160.5,15.0485,0,0.00126261,0,160.5,0.00421282,1.40841,1
322,4000,0,161,15.0534,0,0.00126434,0,161,0.00420131,1.40862,1
323,4000,0,161.5,15.0583,0,0.00126607,0,161.5,0.00418981,1.40882,1
324,4000,0,162,15.0632,0,0.00126779,0,162,0.0041783,1.40903,1
325,4000,0,162.5,15.0682,0,0.00126952,0,162.5,0.0041668,1.40923,1
326,4000,0,163,15.0731,0,0.00127125,0,163,0.00415529,1.40943,1
327,4000,0,163.5,15.078,0,0.00127298,0,163.5,0.00414379,1.40964,1
328,4000,0,164,15.0829,0,0.0012747,0,164,0.00413228,1.40984,1
329,4000,0,164.5,15.0879,0,0.00127643,0,164.5,0.00412078,1.41005,1
330,4000,0,165,15.0928,0,0.00127816,0,165,0.00410927,1.41025,1
331,4000,0,165.5,15.0977,0,0.00127989,0,165.5,0.00409777,1.41046,1
332,4000,0,166,15.1026,0,0.00128161,0,166,0.00408626,1.41066,1
333,4000,0,166.5,15.1076,0,0.00128334,0,166.5,0.00407476,1.41087,1
334,4000,0,167,15.1125,0,0.00128507,0,167,0.00406325,1.41107,1
335,4000,0,167.5,15.1174,0,0.0012868,0,167.5,0.00405175,1.41128,1
336,4000,0,168,15.1223,0,0.00128852,0,168,0.00404024,1.41148,1
337,4000,0,168.5,15.1273,0,0.00129025,0,168.5,0.00402874,1.41169,1
338,4000,0,169,15.1322,0,0.00129198,0,169,0.00401723,1.41189,1
339,4000,0,169.5,15.1371,0,0.00129371,0,169.5,0.00400573,1.41209,1
340,4000,0,170,15.142,0,0.00129544,0,170,0.00399422,1.4123,1
341,4000,0,170.5,15.147,0,0.00129716,0,170.5,0.00398272,1.4125,1
342,4000,0,171,15.1518,0,0.00129874,0,171,0.00397176,1.41271,1
343,4000,0,171.5,15.1564,0,0.00129992,0,171.5,0.00396219,1.41292,1
344,4000,0,172,15.1609,0,0.0013011,0,172,0.00395261,1.41314,1
345,4000,0,172.5,15.1655,0,0.00130228,0,172.5,0.00394304,1.41335,1
346,4000,0,173,15.1701,0,0.00130346,0,173,0.00393347,1.41357,1
347,4000,0,173.5,15.1747,0,0.00130465,0,173.5,0.00392389,1.41378,1
348,4000,0,174,15.1792,0,0.00130583,0,174,0.00391432,1.414,1
349,4000,0,174.5,15.1838,0,0.00130701,0,174.5,0.00390475,1.41421,1
350,4000,0,175,15.1884,0,0.00130819,0,175,0.00389518,1.41442,1
351,4000,0,175.5,15.193,0,0.00130937,0,175.5,0.0038856,1.41464,1
352,4000,0,176,15.1975,0,0.00131055,0,176,0.00387603,1.41485,1
353,4000,0,176.5,15.2021,0,0.00131174,0,176.5,0.00386646,1.41507,1
354,4000,0,177,15.2067,0,0.00131292,0,177,0.00385688,1.41528,1
355,4000,0,177.5,15.2113,0,0.0013141,0,177.5,0.00384731,1.41549,1
356,4000,0,178,15.2158,0,0.00131528,0,178,0.00383774,1.41571,1
357,4000,0,178.5,15.2204,0,0.00131646,0,178.5,0.00382816,1.41592,1
358,4000,0,179,15.225,0,0.00131765,0,179,0.00381859,1.41614,1
359,4000,0,179.5,15.2296,0,0.00131883,0,179.5,0.00380902,1.41635,1
360,4000,0,180,15.2341,0,0.00132001,0,180,0.00379945,1.41656,1
361,4000,0,180.5,15.2387,0,0.00132119,0,180.5,0.00378987,1.41678,1
362,4000,0,181,15.2433,0,0.00132237,0,181,0.0037803,1.41699,1
363,4000,0,181.5,15.2479,0,0.00132356,0,181.5,0.00377073,1.41721,1
364,4000,0,182,15.2524,0,0.00132474,0,182,0.00376115,1.41742,1
365,4000,0,182.5,15.257,0,0.00132592,0,182.5,0.00375158,1.41763,1
366,4000,0,183,15.2616,0,0.0013271,0,183,0.00374201,1.41785,1
367,4000,0,183.5,15.2662,0,0.00132828,0,183.5,0.00373244,1.41806,1
368,4000,0,184,15.2707,0,0.00132946,0,184,0.00372286,1.41828,1
369,4000,0,184.5,15.2753,0,0.00133065,0,184.5,0.00371329,1.41849,1
370,4000,0,185,15.2798,0,0.00133166,0,185,0.00370422,1.41871,1
371,4000,0,185.5,15.284,0,0.00133231,0,185.5,0.00369629,1.41893,1
372,4000,0,186,15.2883,0,0.00133295,0,186,0.00368835,1.41915,1
373,4000,0,186.5,15.2926,0,0.0013336,0,186.5,0.00368041,1.41936,1
374,4000,0,187,15.2968,0,0.00133425,0,187,0.00367248,1.41958,1
375,4000,0,187.5,15.3011,0,0.00133489,0,187.5,0.00366454,1.4198,1
376,4000,0,188,15.3053,0,0.00133554,0,188,0.0036566,1.42002,1
377,4000,0,188.5,15.3096,0,0.00133618,0,188.5,0.00364867,1.42024,1
378,4000,0,189,15.3139,0,0.00133683,0,189,0.00364073,1.42046,1
379,4000,0,189.5,15.3181,0,0.00133748,0,189.5,0.00363279,1.42068,1
380,4000,0,190,15.3224,0,0.00133812,0,190,0.00362486,1.4209,1
381,4000,0,190.5,15.3266,0,0.00133877,0,190.5,0.00361692,1.42112,1
382,4000,0,191,15.3309,0,0.00133941,0,191,0.00360898,1.42134,1
383,4000,0,191.5,15.3352,0,0.00134006,0,191.5,0.00360105,1.42156,1
384,4000,0,192,15.3394,0,0.0013407,0,192,0.00359311,1.42178,1
385,4000,0,192.5,15.3437,0,0.00134135,0,192.5,0.00358517,1.422,1
386,4000,0,193,15.3479,0,0.001342,0,193,0.00357723,1.42222,1
387,4000,0,193.5,15.3522,0,0.00134264,0,193.5,0.0035693,1.42244,1
388,4000,0,194,15.3565,0,0.00134329,0,194,0.00356136,1.42266,1
389,4000,0,194.5,15.3607,0,0.00134393,0,194.5,0.00355342,1.42288,1
390,4000,0,195,15.365,0,0.00134458,0,195,0.00354549,1.42309,1
391,4000,0,195.5,15.3692,0,0.00134523,0,195.5,0.00353755,1.42331,1
392,4000,0,196,15.3735,0,0.00134587,0,196,0.00352961,1.42353,1
393,4000,0,196.5,15.3778,0,0.00134652,0,196.5,0.00352168,1.42375,1
394,4000,0,197,15.382,0,0.00134716,0,197,0.00351374,1.42397,1
395,4000,0,197.5,15.3863,0,0.00134781,0,197.5,0.0035058,1.42419,1
396,4000,0,198,15.3905,0,0.00134845,0,198,0.00349787,1.42441,1
397,4000,0,198.5,15.3948,0,0.0013491,0,198.5,0.00348993,1.42463,1
398,4000,0,199,15.3991,0,0.00134975,0,199,0.00348199,1.42485,1
399,4000,0,199.5,15.4033,0,0.00135039,0,199.5,0.00347406,1.42507,1
400,4000,0,200,15.4075,0,0.00135093,0,200,0.00346641,1.42529,1
401,4000,0,200.5,15.4115,0,0.00135104,0,200.5,0.00345986,1.42551,1
402,4000,0,201,15.4155,0,0.00135116,0,201,0.00345332,1.42573,1
403,4000,0,201.5,15.4195,0,0.00135128,0,201.5,0.00344677,1.42595,1
404,4000,0,202,15.4234,0,0.00135139,0,202,0.00344022,1.42617,1
405,4000,0,202.5,15.4274,0,0.00135151,0,202.5,0.00343367,1.42639,1
406,4000,0,203,15.4314,0,0.00135162,0,203,0.00342712,1.42661,1
407,4000,0,203.5,15.4354,0,0.00135174,0,203.5,0.00342057,1.42683,1
408,4000,0,204,15.4394,0,0.00135186,0,204,0.00341402,1.42705,1
409,4000,0,204.5,15.4434,0,0.00135197,0,204.5,0.00340747,1.42727,1
410,4000,0,205,15.4473,0,0.00135209,0,205,0.00340092,1.42749,1
411,4000,0,205.5,15.4513,0,0.0013522,0,205.5,0.00339438,1.42771,1
412,4000,0,206,15.4553,0,0.00135232,0,206,0.00338783,1.42793,1
413,4000,0,206.5,15.4593,0,0.00135244,0,206.5,0.00338128,1.42815,1
414,4000,0,207,15.4633,0,0.00135255,0,207,0.00337473,1.42837,1
415,4000,0,207.5,15.4673,0,0.00135267,0,207.5,0.00336818,1.42859,1
416,4000,0,208,15.4712,0,0.00135278,0,208,0.00336163,1.42881,1
417,4000,0,208.5,15.4752,0,0.0013529,0,208.5,0.00335508,1.42903,1
418,4000,0,209,15.4792,0,0.00135302,0,209,0.00334853,1.42925,1
419,4000,0,209.5,15.4832,0,0.00135313,0,209.5,0.00334199,1.42947,1
420,4000,0,210,15.4872,0,0.00135325,0,210,0.00333544,1.42969,1
421,4000,0,210.5,15.4911,0,0.00135337,0,210.5,0.00332889,1.42991,1
422,4000,0,211,15.4951,0,0.00135348,0,211,0.00332234,1.43013,1
423,4000,0,211.5,15.4991,0,0.0013536,0,211.5,0.00331579,1.43035,1
424,4000,0,212,15.5031,0,0.00135371,0,212,0.00330924,1.43057,1
425,4000,0,212.5,15.5071,0,0.00135383,0,212.5,0.00330269,1.43079,1
426,4000,0,213,15.5111,0,0.00135395,0,213,0.00329614,1.43102,1
427,4000,0,213.5,15.515,0,0.00135406,0,213.5,0.00328959,1.43124,1
428,4000,0,214,15.519,0,0.00135418,0,214,0.00328305,1.43146,1
429,4000,0,214.5,15.523,0,0.00135429,0,214.5,0.0032765,1.43168,1
430,4000,0,215,15.527,0,0.00135441,0,215,0.00326995,1.4319,1
431,4000,0,215.5,15.531,0,0.00135453,0,215.5,0.0032634,1.43212,1
432,4000,0,216,15.5349,0,0.00135464,0,216,0.00325685,1.43234,1
433,4000,0,216.5,15.5387,0,0.00135432,0,216.5,0.00325127,1.43255,1
434,4000,0,217,15.5425,0,0.00135391,0,217,0.0032459,1.43277,1
435,4000,0,217.5,15.5462,0,0.0013535,0,217.5,0.00324054,1.43299,1
436,4000,0,218,15.5499,0,0.00135309,0,218,0.00323517,1.4332,1
437,4000,0,218.5,15.5537,0,0.00135267,0,218.5,0.0032298,1.43342,1
438,4000,0,219,15.5574,0,0.00135226,0,219,0.00322443,1.43363,1
439,4000,0,219.5,15.5612,0,0.00135185,0,219.5,0.00321906,1.43385,1
440,4000,0,220,15.5649,0,0.00135144,0,220,0.00321369,1.43407,1
441,4000,0,220.5,15.5686,0,0.00135102,0,220.5,0.00320832,1.43428,1
442,4000,0,221,15.5724,0,0.00135061,0,221,0.00320295,1.4345,1
443,4000,0,221.5,15.5761,0,0.0013502,0,221.5,0.00319758,1.43471,1
444,4000,0,222,15.5798,0,0.00134979,0,222,0.00319221,1.43493,1
445,4000,0,222.5,15.5836,0,0.00134937,0,222.5,0.00318684,1.43515,1
446,4000,0,223,15.5873,0,0.00134896,0,223,0.00318148,1.43536,1
447,4000,0,223.5,15.5911,0,0.00134855,0,223.5,0.00317611,1.43558,1
448,4000,0,224,15.5948,0,0.00134814,0,224,0.00317074,1.43579,1
449,4000,0,224.5,15.5985,0,0.00134772,0,224.5,0.00316537,1.43601,1
450,4000,0,225,15.6023,0,0.00134731,0,225,0.00316,1.43623,1
451,4000,0,225.5,15.606,0,0.0013469,0,225.5,0.00315463,1.43644,1
452,4000,0,226,15.6098,0,0.00134649,0,226,0.00314926,1.43666,1
453,4000,0,226.5,15.6135,0,0.00134607,0,226.5,0.00314389,1.43687,1
454,4000,0,227,15.6172,0,0.00134566,0,227,0.00313852,1.43709,1
455,4000,0,227.5,15.621,0,0.00134525,0,227.5,0.00313315,1.43731,1
456,4000,0,228,15.6247,0,0.00134484,0,228,0.00312778,1.43752,1
457,4000,0,228.5,15.6284,0,0.00134442,0,228.5,0.00312242,1.43774,1
458,4000,0,229,15.6322,0,0.00134401,0,229,0.00311705,1.43796,1
459,4000,0,229.5,15.6359,0,0.0013436,0,229.5,0.00311168,1.43817,1
460,4000,0,230,15.6397,0,0.00134319,0,230,0.00310631,1.43839,1
461,4000,0,230.5,15.6434,0,0.00134277,0,230.5,0.00310094,1.4386,1
462,4000,0,231,15.6471,0,0.00134236,0,231,0.00309557,1.43882,1
463,4000,0,231.5,15.6509,0,0.00134195,0,231.5,0.0030902,1.43904,1
464,4000,0,232,15.6546,0,0.00134154,0,232,0.00308483,1.43925,1
465,4000,0,232.5,15.6583,0,0.00134112,0,232.5,0.00307946,1.43947,1
466,4000,0,233,15.6621,0,0.00134071,0,233,0.00307409,1.43968,1
467,4000,0,233.5,15.6658,0,0.0013403,0,233.5,0.00306872,1.4399,1
468,4000,0,234,15.6694,0,0.00133937,0,234,0.00306434,1.44011,1
469,4000,0,234.5,15.6729,0,0.00133842,0,234.5,0.00305997,1.44031,1
470,4000,0,235,15.6764,0,0.00133748,0,235,0.00305561,1.44052,1
471,4000,0,235.5,15.6799,0,0.00133653,0,235.5,0.00305125,1.44072,1
472,4000,0,236,15.6835,0,0.00133558,0,236,0.00304688,1.44093,1
473,4000,0,236.5,15.687,0,0.00133464,0,236.5,0.00304252,1.44114,1
474,4000,0,237,15.6905,0,0.00133369,0,237,0.00303815,1.44134,1
475,4000,0,237.5,15.694,0,0.00133275,0,237.5,0.00303379,1.44155,1
476,4000,0,238,15.6976,0,0.0013318,0,238,0.00302943,1.44175,1
477,4000,0,238.5,15.7011,0,0.00133086,0,238.5,0.00302506,1.44196,1
478,4000,0,239,15.7046,0,0.00132991,0,239,0.0030207,1.44217,1
479,4000,0,239.5,15.7081,0,0.00132897,0,239.5,0.00301633,1.44237,1
480,4000,0,240,15.7116,0,0.00132802,0,240,0.00301197,1.44258,1
481,4000,0,240.5,15.7152,0,0.00132707,0,240.5,0.00300761,1.44278,1
482,4000,0,241,15.7187,0,0.00132613,0,241,0.00300324,1.44299,1
483,4000,0,241.5,15.7222,0,0.00132518,0,241.5,0.00299888,1.4432,1
484,4000,0,242,15.7257,0,0.00132424,0,242,0.00299452,1.4434,1
485,4000,0,242.5,15.7293,0,0.00132329,0,242.5,0.00299015,1.44361,1
486,4000,0,243,15.7328,0,0.00132235,0,243,0.00298579,1.44381,1
487,4000,0,243.5,15.7363,0,0.0013214,0,243.5,0.00298142,1.44402,1
488,4000,0,244,15.7398,0,0.00132046,0,244,0.00297706,1.44423,1
489,4000,0,244.5,15.7434,0,0.00131951,0,244.5,0.0029727,1.44443,1
490,4000,0,245,15.7469,0,0.00131856,0,245,0.00296833,1.44464,1
491,4000,0,245.5,15.7504,0,0.00131762,0,245.5,0.00296397,1.44484,1
492,4000,0,246,15.7539,0,0.00131667,0,246,0.0029596,1.44505,1
493,4000,0,246.5,15.7575,0,0.00131573,0,246.5,0.00295524,1.44526,1
494,4000,0,247,15.761,0,0.00131478,0,247,0.00295088,1.44546,1
495,4000,0,247.5,15.7645,0,0.00131384,0,247.5,0.00294651,1.44567,1
496,4000,0,248,15.768,0,0.00131289,0,248,0.00294215,1.44587,1
497,4000,0,248.5,15.7716,0,0.00131195,0,248.5,0.00293779,1.44608,1
498,4000,0,249,15.7751,0,0.001311,0,249,0.00293342,1.44628,1
499,4000,0,249.5,15.7786,0,0.00131005,0,249.5,0.00292906,1.44649,1
500,4000,0,250,15.7821,0,0.00130911,0,250,0.00292469,1.4467,1
501,4000,0,250.5,15.7857,0,0.00130816,0,250.5,0.00292033,1.4469,1
502,4000,0,251,15.7892,0,0.00130722,0,251,0.00291597,1.44711,1
503,4000,0,251.5,15.7927,0,0.00130627,0,251.5,0.0029116,1.44731,1
504,4000,0,252,15.7962,0,0.00130533,0,252,0.00290724,1.44752,1
505,4000,0,252.5,15.7997,0,0.00130412,0,252.5,0.00290329,1.44772,1
506,4000,0,253,15.803,0,0.00130264,0,253,0.00289978,1.44791,1
507,4000,0,253.5,15.8064,0,0.00130116,0,253.5,0.00289628,1.4481,1
508,4000,0,254,15.8097,0,0.00129968,0,254,0.00289277,1.44829,1
509,4000,0,254.5,15.8131,0,0.0012982,0,254.5,0.00288927,1.44847,1
510,4000,0,255,15.8164,0,0.00129672,0,255,0.00288576,1.44866,1
511,4000,0,255.5,15.8197,0,0.00129524,0,255.5,0.00288226,1.44885,1
512,4000,0,256,15.8231,0,0.00129376,0,256,0.00287875,1.44904,1
513,4000,0,256.5,15.8264,0,0.00129227,0,256.5,0.00287525,1.44923,1
514,4000,0,257,15.8298,0,0.00129079,0,257,0.00287174,1.44942,1
515,4000,0,257.5,15.8331,0,0.00128931,0,257.5,0.00286823,1.44961,1
516,4000,0,258,15.8365,0,0.00128783,0,258,0.00286473,1.4498,1
517,4000,0,258.5,15.8398,0,0.00128635,0,258.5,0.00286122,1.44999,1
518,4000,0,259,15.8432,0,0.00128487,0,259,0.00285772,1.45018,1
519,4000,0,259.5,15.8465,0,0.00128339,0,259.5,0.00285421,1.45036,1
520,4000,0,260,15.8498,0,0.00128191,0,260,0.00285071,1.45055,1
521,4000,0,260.5,15.8532,0,0.00128043,0,260.5,0.0028472,1.45074,1
522,4000,0,261,15.8565,0,0.00127894,0,261,0.0028437,1.45093,1
523,4000,0,261.5,15.8599,0,0.00127746,0,261.5,0.00284019,1.45112,1
524,4000,0,262,15.8632,0,0.00127598,0,262,0.00283669,1.45131,1
525,4000,0,262.5,15.8666,0,0.0012745,0,262.5,0.00283318,1.4515,1
526,4000,0,263,15.8699,0,0.00127302,0,263,0.00282968,1.45169,1
527,4000,0,263.5,15.8733,0,0.00127154,0,263.5,0.00282617,1.45188,1
528,4000,0,264,15.8766,0,0.00127006,0,264,0.00282267,1.45207,1
529,4000,0,264.5,15.8799,0,0.00126858,0,264.5,0.00281916,1.45225,1
530,4000,0,265,15.8833,0,0.0012671,0,265,0.00281566,1.45244,1
531,4000,0,265.5,15.8866,0,0.00126561,0,265.5,0.00281215,1.45263,1
532,4000,0,266,15.89,0,0.00126413,0,266,0.00280864,1.45282,1
533,4000,0,266.5,15.8933,0,0.00126265,0,266.5,0.00280514,1.45301,1
534,4000,0,267,15.8967,0,0.00126117,0,267,0.00280163,1.4532,1
535,4000,0,267.5,15.9,0,0.00125969,0,267.5,0.00279813,1.45339,1
536,4000,0,268,15.9034,0,0.00125821,0,268,0.00279462,1.45358,1
537,4000,0,268.5,15.9067,0,0.00125673,0,268.5,0.00279112,1.45377,1
538,4000,0,269,15.9101,0,0.00125525,0,269,0.00278761,1.45396,1
539,4000,0,269.5,15.9134,0,0.00125377,0,269.5,0.00278411,1.45414,1
540,4000,0,270,15.9167,0,0.00125229,0,270,0.0027806,1.45433,1
541,4000,0,270.5,15.9201,0,0.0012508,0,270.5,0.0027771,1.45452,1
542,4000,0,271,15.9234,0,0.00124932,0,271,0.00277359,1.45471,1
543,4000,0,271.5,15.9268,0,0.00124784,0,271.5,0.00277009,1.4549,1
544,4000,0,272,15.9301,0,0.00124636,0,272,0.00276658,1.45509,1
545,4000,0,272.5,15.9334,0,0.00124481,0,272.5,0.00276318,1.45528,1
546,4000,0,273,15.9366,0,0.00124279,0,273,0.00276041,1.45544,1
547,4000,0,273.5,15.9398,0,0.00124077,0,273.5,0.00275764,1.4556,1
548,4000,0,274,15.943,0,0.00123875,0,274,0.00275487,1.45577,1
549,4000,0,274.5,15.9462,0,0.00123672,0,274.5,0.0027521,1.45593,1
550,4000,0,275,15.9494,0,0.0012347,0,275,0.00274933,1.45609,1
551,4000,0,275.5,15.9526,0,0.00123268,0,275.5,0.00274656,1.45626,1
552,4000,0,276,15.9558,0,0.00123066,0,276,0.00274379,1.45642,1
553,4000,0,276.5,15.959,0,0.00122864,0,276.5,0.00274102,1.45659,1
554,4000,0,277,15.9622,0,0.00122662,0,277,0.00273825,1.45675,1
555,4000,0,277.5,15.9654,0,0.0012246,0,277.5,0.00273548,1.45691,1
556,4000,0,278,15.9686,0,0.00122258,0,278,0.00273271,1.45708,1
557,4000,0,278.5,15.9718,0,0.00122056,0,278.5,0.00272994,1.45724,1
558,4000,0,279,15.975,0,0.00121854,0,279,0.00272717,1.45741,1
559,4000,0,279.5,15.9782,0,0.00121652,0,279.5,0.0027244,1.45757,1
560,4000,0,280,15.9814,0,0.0012145,0,280,0.00272163,1.45773,1
561,4000,0,280.5,15.9846,0,0.00121248,0,280.5,0.00271886,1.4579,1
562,4000,0,281,15.9878,0,0.00121046,0,281,0.00271609,1.45806,1
563,4000,0,281.5,15.991,0,0.00120844,0,281.5,0.00271332,1.45823,1
564,4000,0,282,15.9942,0,0.00120642,0,282,0.00271055,1.45839,1
565,4000,0,282.5,15.9974,0,0.0012044,0,282.5,0.00270777,1.45855,1
566,4000,0,283,16.0006,0,0.00120238,0,283,0.002705,1.45872,1
567,4000,0,283.5,16.0038,0,0.00120035,0,283.5,0.00270224,1.45888,1
568,4000,0,284,16.007,0,0.00119833,0,284,0.00269947,1.45904,1
569,4000,0,284.5,16.0102,0,0.00119631,0,284.5,0.0026967,1.45921,1
570,4000,0,285,16.0134,0,0.00119429,0,285,0.00269393,1.45937,1
571,4000,0,285.5,16.0165,0,0.00119227,0,285.5,0.00269116,1.45954,1
572,4000,0,286,16.0197,0,0.00119025,0,286,0.00268839,1.4597,1
573,4000,0,286.5,16.0229,0,0.00118823,0,286.5,0.00268562,1.45986,1
574,4000,0,287,16.0261,0,0.00118621,0,287,0.00268284,1.46003,1
575,4000,0,287.5,16.0293,0,0.00118419,0,287.5,0.00268007,1.46019,1
576,4000,0,288,16.0325,0,0.00118217,0,288,0.0026773,1.46036,1
577,4000,0,288.5,16.0357,0,0.00118015,0,288.5,0.00267453,1.46052,1
578,4000,0,289,16.0389,0,0.00117813,0,289,0.00267176,1.46068,1
579,4000,0,289.5,16.0421,0,0.00117611,0,289.5,0.00266899,1.46085,1
580,4000,0,290,16.0453,0,0.00117409,0,290,0.00266622,1.46101,1
581,4000,0,290.5,16.0485,0,0.00117207,0,290.5,0.00266345,1.46117,1
582,4000,0,291,16.0517,0,0.00117005,0,291,0.00266068,1.46134,1
583,4000,0,291.5,16.0549,0,0.00116803,0,291.5,0.00265791,1.4615,1
584,4000,0,292,16.0581,0,0.001166,0,292,0.00265514,1.46167,1
585,4000,0,292.5,16.0613,0,0.00116398,0,292.5,0.00265237,1.46183,1
586,4000,0,293,16.0645,0,0.00116196,0,293,0.0026496,1.46199,1
587,4000,0,293.5,16.0677,0,0.00115994,0,293.5,0.00264683,1.46216,1
588,4000,0,294,16.0709,0,0.00115792,0,294,0.00264406,1.46232,1
589,4000,0,294.5,16.074,0,0.00115553,0,294.5,0.00264175,1.46246,1
590,4000,0,295,16.0771,0,0.00115299,0,295,0.00263961,1.46259,1
591,4000,0,295.5,16.0802,0,0.00115045,0,295.5,0.00263747,1.46272,1
592,4000,0,296,16.0832,0,0.00114792,0,296,0.00263533,1.46285,1
593,4000,0,296.5,16.0863,0,0.00114538,0,296.5,0.0026332,1.46297,1
594,4000,0,297,16.0894,0,0.00114284,0,297,0.00263106,1.4631,1
595,4000,0,297.5,16.0925,0,0.00114031,0,297.5,0.00262892,1.46323,1
596,4000,0,298,16.0956,0,0.00113777,0,298,0.00262678,1.46336,1
597,4000,0,298.5,16.0986,0,0.00113523,0,298.5,0.00262464,1.46349,1
598,4000,0,299,16.1017,0,0.00113269,0,299,0.0026225,1.46362,1
599,4000,0,299.5,16.1048,0,0.00113016,0,299.5,0.00262036,1.46374,1
600,4000,0,300,16.1079,0,0.00112762,0,300,0.00261822,1.46387,1
601,4000,0,300.5,16.111,0,0.00112508,0,300.5,0.00261608,1.464,1
602,4000,0,301,16.114,0,0.00112254,0,301,0.00261395,1.46413,1
603,4000,0,301.5,16.1171,0,0.00112001,0,301.5,0.00261181,1.46426,1
604,4000,0,302,16.1202,0,0.00111747,0,302,0.00260967,1.46439,1
605,4000,0,302.5,16.1233,0,0.00111493,0,302.5,0.00260753,1.46451,1
606,4000,0,303,16.1264,0,0.0011124,0,303,0.00260539,1.46464,1
607,4000,0,303.5,16.1294,0,0.00110986,0,303.5,0.00260325,1.46477,1
608,4000,0,304,16.1325,0,0.00110732,0,304,0.00260111,1.4649,1
609,4000,0,304.5,16.1356,0,0.00110478,0,304.5,0.00259897,1.46503,1
610,4000,0,305,16.1387,0,0.00110225,0,305,0.00259684,1.46516,1
611,4000,0,305.5,16.1418,0,0.00109971,0,305.5,0.0025947,1.46529,1
612,4000,0,306,16.1448,0,0.00109717,0,306,0.00259256,1.46541,1
613,4000,0,306.5,16.1479,0,0.00109464,0,306.5,0.00259042,1.46554,1
614,4000,0,307,16.151,0,0.0010921,0,307,0.00258828,1.46567,1
615,4000,0,307.5,16.1541,0,0.00108956,0,307.5,0.00258614,1.4658,1
616,4000,0,308,16.1571,0,0.00108702,0,308,0.002584,1.46593,1
617,4000,0,308.5,16.1602,0,0.00108449,0,308.5,0.00258186,1.46606,1
618,4000,0,309,16.1633,0,0.00108195,0,309,0.00257972,1.46618,1
619,4000,0,309.5,16.1664,0,0.00107941,0,309.5,0.00257759,1.46631,1
620,4000,0,310,16.1695,0,0.00107688,0,310,0.00257545,1.46644,1
621,4000,0,310.5,16.1725,0,0.00107434,0,310.5,0.00257331,1.46657,1
622,4000,0,311,16.1756,0,0.0010718,0,311,0.00257117,1.4667,1
623,4000,0,311.5,16.1787,0,0.00106926,0,311.5,0.00256903,1.46683,1
624,4000,0,312,16.1818,0,0.00106673,0,312,0.00256689,1.46695,1
625,4000,0,312.5,16.1849,0,0.00106419,0,312.5,0.00256475,1.46708,1
626,4000,0,313,16.1879,0,0.00106165,0,313,0.00256261,1.46721,1
627,4000,0,313.5,16.191,0,0.00105911,0,313.5,0.00256047,1.46734,1
628,4000,0,314,16.1941,0,0.00105658,0,314,0.00255834,1.46747,1
629,4000,0,314.5,16.1972,0,0.00105404,0,314.5,0.0025562,1.4676,1
630,4000,0,315,16.2003,0,0.0010515,0,315,0.00255406,1.46773,1
631,4000,0,315.5,16.2033,0,0.00104897,0,315.5,0.00255192,1.46785,1
632,4000,0,316,16.2064,0,0.00104643,0,316,0.00254978,1.46798,1
633,4000,0,316.5,16.2095,0,0.00104389,0,316.5,0.00254764,1.46811,1
634,4000,0,317,16.2126,0,0.00104135,0,317,0.0025455,1.46824,1
635,4000,0,317.5,16.2157,0,0.00103881,0,317.5,0.00254337,1.46837,1
636,4000,0,318,16.2187,0,0.00103579,0,318,0.00254177,1.46845,1
637,4000,0,318.5,16.2217,0,0.00103277,0,318.5,0.00254018,1.46853,1
638,4000,0,319,16.2247,0,0.00102975,0,319,0.00253858,1.46861,1
639,4000,0,319.5,16.2277,0,0.00102673,0,319.5,0.00253698,1.46869,1
640,4000,0,320,16.2307,0,0.0010237,0,320,0.00253539,1.46877,1
641,4000,0,320.5,16.2337,0,0.00102068,0,320.5,0.00253379,1.46885,1
642,4000,0,321,16.2366,0,0.00101766,0,321,0.00253219,1.46893,1
643,4000,0,321.5,16.2396,0,0.00101464,0,321.5,0.00253059,1.46901,1
644,4000,0,322,16.2426,0,0.00101162,0,322,0.002529,1.46909,1
645,4000,0,322.5,16.2456,0,0.0010086,0,322.5,0.0025274,1.46917,1
646,4000,0,323,16.2486,0,0.00100558,0,323,0.0025258,1.46925,1
647,4000,0,323.5,16.2516,0,0.00100255,0,323.5,0.00252421,1.46932,1
648,4000,0,324,16.2546,0,0.000999533,0,324,0.00252261,1.4694,1
649,4000,0,324.5,16.2576,0,0.000996512,0,324.5,0.00252101,1.46948,1
650,4000,0,325,16.2606,0,0.00099349,0,325,0.00251942,1.46956,1
651,4000,0,325.5,16.2636,0,0.000990469,0,325.5,0.00251782,1.46964,1
652,4000,0,326,16.2666,0,0.000987447,0,326,0.00251622,1.46972,1
653,4000,0,326.5,16.2696,0,0.000984426,0,326.5,0.00251462,1.4698,1
654,4000,0,327,16.2726,0,0.000981405,0,327,0.00251303,1.46988,1
655,4000,0,327.5,16.2756,0,0.000978383,0,327.5,0.00251143,1.46996,1
656,4000,0,328,16.2786,0,0.000975362,0,328,0.00250983,1.47004,1
657,4000,0,328.5,16.2816,0,0.000972341,0,328.5,0.00250824,1.47012,1
658,4000,0,329,16.2846,0,0.000969319,0,329,0.00250664,1.4702,1
659,4000,0,329.5,16.2876,0,0.000966298,0,329.5,0.00250504,1.47028,1
660,4000,0,330,16.2906,0,0.000963276,0,330,0.00250345,1.47036,1
661,4000,0,330.5,16.2936,0,0.000960255,0,330.5,0.00250185,1.47044,1
662,4000,0,331,16.2966,0,0.000957234,0,331,0.00250025,1.47052,1
663,4000,0,331.5,16.2996,0,0.000954212,0,331.5,0.00249866,1.4706,1
664,4000,0,332,16.3026,0,0.000951191,0,332,0.00249706,1.47068,1
665,4000,0,332.5,16.3056,0,0.00094817,0,332.5,0.00249546,1.47076,1
666,4000,0,333,16.3086,0,0.000945148,0,333,0.00249386,1.47084,1
667,4000,0,333.5,16.3116,0,0.000942127,0,333.5,0.00249227,1.47092,1
668,4000,0,334,16.3146,0,0.000939105,0,334,0.00249067,1.471,1
669,4000,0,334.5,16.3176,0,0.000936084,0,334.5,0.00248907,1.47108,1
670,4000,0,335,16.3206,0,0.000933063,0,335,0.00248748,1.47116,1
671,4000,0,335.5,16.3236,0,0.000930041,0,335.5,0.00248588,1.47124,1
672,4000,0,336,16.3266,0,0.00092702,0,336,0.00248428,1.47132,1
673,4000,0,336.5,16.3296,0,0.000923998,0,336.5,0.00248269,1.4714,1
674,4000,0,337,16.3326,0,0.000920977,0,337,0.00248109,1.47148,1
675,4000,0,337.5,16.3356,0,0.000917956,0,337.5,0.00247949,1.47156,1
676,4000,0,338,16.3386,0,0.000914934,0,338,0.00247789,1.47164,1
677,4000,0,338.5,16.3416,0,0.000911913,0,338.5,0.0024763,1.47172,1
678,4000,0,339,16.3446,0,0.000908892,0,339,0.0024747,1.4718,1
679,4000,0,339.5,16.3476,0,0.00090587,0,339.5,0.0024731,1.47188,1
680,4000,0,340,16.3506,0,0.000902849,0,340,0.00247151,1.47196,1
681,4000,0,340.5,16.3536,0,0.000899827,0,340.5,0.00246991,1.47204,1
682,4000,0,341,16.3566,0,0.000896806,0,341,0.00246831,1.47212,1
683,4000,0,341.5,16.3596,0,0.000893785,0,341.5,0.00246672,1.4722,1
684,4000,0,342,16.3626,0,0.000890763,0,342,0.00246512,1.47228,1
685,4000,0,342.5,16.3656,0,0.000887742,0,342.5,0.00246352,1.47236,1
686,4000,0,343,16.3685,0,0.000884447,0,343,0.00246227,1.47239,1
687,4000,0,343.5,16.3715,0,0.000881062,0,343.5,0.00246114,1.4724,1
688,4000,0,344,16.3744,0,0.000877677,0,344,0.00246001,1.47242,1
689,4000,0,344.5,16.3774,0,0.000874291,0,344.5,0.00245887,1.47243,1
690,4000,0,345,16.3803,0,0.000870906,0,345,0.00245774,1.47245,1
691,4000,0,345.5,16.3833,0,0.000867521,0,345.5,0.00245661,1.47246,1
692,4000,0,346,16.3862,0,0.000864136,0,346,0.00245547,1.47247,1
693,4000,0,346.5,16.3892,0,0.00086075,0,346.5,0.00245434,1.47249,1
694,4000,0,347,16.3921,0,0.000857365,0,347,0.00245321,1.4725,1
695,4000,0,347.5,16.3951,0,0.00085398,0,347.5,0.00245207,1.47251,1
696,4000,0,348,16.398,0,0.000850595,0,348,0.00245094,1.47253,1
697,4000,0,348.5,16.401,0,0.000847209,0,348.5,0.00244981,1.47254,1
698,4000,0,349,16.404,0,0.000843824,0,349,0.00244867,1.47256,1
699,4000,0,349.5,16.4069,0,0.000840439,0,349.5,0.00244754,1.47257,1
700,4000,0,350,16.4099,0,0.000837054,0,350,0.00244641,1.47258,1
701,4000,0,350.5,16.4128,0,0.000833668,0,350.5,0.00244528,1.4726,1
702,4000,0,351,16.4158,0,0.000830283,0,351,0.00244414,1.47261,1
703,4000,0,351.5,16.4187,0,0.000826898,0,351.5,0.00244301,1.47263,1
704,4000,0,352,16.4217,0,0.000823513,0,352,0.00244188,1.47264,1
705,4000,0,352.5,16.4246,0,0.000820127,0,352.5,0.00244074,1.47265,1
706,4000,0,353,16.4276,0,0.000816742,0,353,0.00243961,1.47267,1
707,4000,0,353.5,16.4305,0,0.000813357,0,353.5,0.00243848,1.47268,1
708,4000,0,354,16.4335,0,0.000809972,0,354,0.00243734,1.4727,1
709,4000,0,354.5,16.4364,0,0.000806586,0,354.5,0.00243621,1.47271,1
710,4000,0,355,16.4394,0,0.000803201,0,355,0.00243508,1.47272,1
711,4000,0,355.5,16.4423,0,0.000799816,0,355.5,0.00243394,1.47274,1
712,4000,0,356,16.4453,0,0.000796431,0,356,0.00243281,1.47275,1
713,4000,0,356.5,16.4482,0,0.000793045,0,356.5,0.00243168,1.47277,1
714,4000,0,357,16.4512,0,0.00078966,0,357,0.00243054,1.47278,1
715,4000,0,357.5,16.4541,0,0.000786275,0,357.5,0.00242941,1.47279,1
716,4000,0,358,16.4571,0,0.00078289,0,358,0.00242828,1.47281,1
717,4000,0,358.5,16.46,0,0.000779504,0,358.5,0.00242714,1.47282,1
718,4000,0,359,16.463,0,0.000776119,0,359,0.00242601,1.47283,1
719,4000,0,359.5,16.466,0,0.000772734,0,359.5,0.00242488,1.47285,1
720,4000,0,360,16.4689,0,0.000769349,0,360,0.00242374,1.47286,1
721,4000,0,360.5,16.4719,0,0.000765963,0,360.5,0.00242261,1.47288,1
722,4000,0,361,16.4748,0,0.000762578,0,361,0.00242148,1.47289,1
723,4000,0,361.5,16.4778,0,0.000759193,0,361.5,0.00242034,1.4729,1
724,4000,0,362,16.4807,0,0.000755808,0,362,0.00241921,1.47292,1
725,4000,0,362.5,16.4837,0,0.000752422,0,362.5,0.00241808,1.47293,1
726,4000,0,363,16.4866,0,0.000749037,0,363,0.00241695,1.47295,1
727,4000,0,363.5,16.4896,0,0.000745652,0,363.5,0.00241581,1.47296,1
728,4000,0,364,16.4925,0,0.000742267,0,364,0.00241468,1.47297,1
729,4000,0,364.5,16.4955,0,0.000738881,0,364.5,0.00241355,1.47299,1
730,4000,0,365,16.4984,0,0.000735496,0,365,0.00241241,1.473,1
731,4000,0,365.5,16.5014,0,0.000732111,0,365.5,0.00241128,1.47302,1
732,4000,0,366,16.5043,0,0.000728726,0,366,0.00241015,1.47303,1
733,4000,0,366.5,16.5073,0,0.00072534,0,366.5,0.00240901,1.47304,1
734,4000,0,367,16.5102,0,0.000721955,0,367,0.00240788,1.47306,1
735,4000,0,367.5,16.5132,0,0.00071857,0,367.5,0.00240675,1.47307,1
736,4000,0,368,16.5161,0,0.000715185,0,368,0.00240561,1.47309,1
737,4000,0,368.5,16.5191,0,0.000711799,0,368.5,0.00240448,1.4731,1
738,4000,0,369,16.522,0,0.000708414,0,369,0.00240335,1.47311,1
739,4000,0,369.5,16.525,0,0.000705029,0,369.5,0.00240221,1.47313,1
740,4000,0,370,16.5279,0,0.000701497,0,370,0.00240134,1.47308,1
741,4000,0,370.5,16.5309,0,0.000697893,0,370.5,0.0024006,1.473,1
742,4000,0,371,16.5338,0,0.000694289,0,371,0.00239986,1.47293,1
743,4000,0,371.5,16.5368,0,0.000690685,0,371.5,0.00239912,1.47285,1
744,4000,0,372,16.5397,0,0.00068708,0,372,0.00239838,1.47278,1
745,4000,0,372.5,16.5427,0,0.000683476,0,372.5,0.00239763,1.4727,1
746,4000,0,373,16.5456,0,0.000679872,0,373,0.00239689,1.47262,1
747,4000,0,373.5,16.5486,0,0.000676268,0,373.5,0.00239615,1.47255,1
748,4000,0,374,16.5515,0,0.000672664,0,374,0.00239541,1.47247,1
749,4000,0,374.5,16.5545,0,0.00066906,0,374.5,0.00239467,1.4724,1
750,4000,0,375,16.5574,0,0.000665456,0,375,0.00239393,1.47232,1
751,4000,0,375.5,16.5604,0,0.000661852,0,375.5,0.00239319,1.47224,1
752,4000,0,376,16.5633,0,0.000658248,0,376,0.00239244,1.47217,1
753,4000,0,376.5,16.5663,0,0.000654643,0,376.5,0.0023917,1.47209,1
754,4000,0,377,16.5692,0,0.000651039,0,377,0.00239096,1.47202,1
755,4000,0,377.5,16.5722,0,0.000647435,0,377.5,0.00239022,1.47194,1
756,4000,0,378,16.5751,0,0.000643831,0,378,0.00238948,1.47186,1
757,4000,0,378.5,16.5781,0,0.000640227,0,378.5,0.00238874,1.47179,1
758,4000,0,379,16.581,0,0.000636623,0,379,0.00238799,1.47171,1
759,4000,0,379.5,16.584,0,0.000633019,0,379.5,0.00238725,1.47163,1
760,4000,0,380,16.5869,0,0.000629415,0,380,0.00238651,1.47156,1
761,4000,0,380.5,16.5899,0,0.000625811,0,380.5,0.00238577,1.47148,1
762,4000,0,381,16.5928,0,0.000622206,0,381,0.00238503,1.47141,1
763,4000,0,381.5,16.5958,0,0.000618602,0,381.5,0.00238429,1.47133,1
764,4000,0,382,16.5987,0,0.000614998,0,382,0.00238355,1.47125,1
765,4000,0,382.5,16.6017,0,0.000611394,0,382.5,0.0023828,1.47118,1
766,4000,0,383,16.6046,0,0.00060779,0,383,0.00238206,1.4711,1
767,4000,0,383.5,16.6076,0,0.000604186,0,383.5,0.00238132,1.47103,1
768,4000,0,384,16.6105,0,0.000600582,0,384,0.00238058,1.47095,1
769,4000,0,384.5,16.6135,0,0.000596978,0,384.5,0.00237984,1.47087,1
770,4000,0,385,16.6164,0,0.000593374,0,385,0.0023791,1.4708,1
771,4000,0,385.5,16.6194,0,0.000589769,0,385.5,0.00237835,1.47072,1
772,4000,0,386,16.6223,0,0.000586165,0,386,0.00237761,1.47065,1
773,4000,0,386.5,16.6253,0,0.000582561,0,386.5,0.00237687,1.47057,1
774,4000,0,387,16.6282,0,0.000578957,0,387,0.00237613,1.47049,1
775,4000,0,387.5,16.6312,0,0.000575353,0,387.5,0.00237539,1.47042,1
776,4000,0,388,16.6341,0,0.000571749,0,388,0.00237465,1.47034,1
777,4000,0,388.5,16.6371,0,0.000568145,0,388.5,0.0023739,1.47026,1
778,4000,0,389,16.64,0,0.000564541,0,389,0.00237316,1.47019,1
779,4000,0,389.5,16.643,0,0.000560937,0,389.5,0.00237242,1.47011,1
780,4000,0,390,16.6459,0,0.000557332,0,390,0.00237168,1.47004,1
781,4000,0,390.5,16.6489,0,0.000553728,0,390.5,0.00237094,1.46996,1
782,4000,0,391,16.6518,0,0.000550124,0,391,0.0023702,1.46988,1
783,4000,0,391.5,16.6548,0,0.00054652,0,391.5,0.00236946,1.46981,1
784,4000,0,392,16.6577,0,0.000542916,0,392,0.00236871,1.46973,1
785,4000,0,392.5,16.6607,0,0.000539312,0,392.5,0.00236797,1.46966,1
786,4000,0,393,16.6636,0,0.000535708,0,393,0.00236723,1.46958,1
787,4000,0,393.5,16.6665,0,0.000532104,0,393.5,0.00236649,1.4695,1
788,4000,0,394,16.6695,0,0.000528499,0,394,0.00236575,1.46943,1
789,4000,0,394.5,16.6724,0,0.000524895,0,394.5,0.00236501,1.46935,1
790,4000,0,395,16.6754,0,0.000521291,0,395,0.00236426,1.46927,1
791,4000,0,395.5,16.6783,0,0.000517687,0,395.5,0.00236352,1.4692,1
792,4000,0,396,16.6813,0,0.000514083,0,396,0.00236278,1.46912,1
793,4000,0,396.5,16.6842,0,0.000510479,0,396.5,0.00236204,1.46905,1
794,4000,0,397,16.6872,0,0.000506875,0,397,0.0023613,1.46897,1
795,4000,0,397.5,16.6901,0,0.000503271,0,397.5,0.00236056,1.46889,1
796,4000,0,398,16.6931,0,0.000499667,0,398,0.00235981,1.46882,1
797,4000,0,398.5,16.696,0,0.000496062,0,398.5,0.00235907,1.46874,1
798,4000,0,399,16.699,0,0.000492531,0,399,0.00235848,1.46861,1
799,4000,0,399.5,16.702,0,0.00048908,0,399.5,0.00235806,1.46841,1
800,4000,0,400,16.705,0,0.000485628,0,400,0.00235764,1.46821,1
801,4000,0,400.5,16.708,0,0.000482176,0,400.5,0.00235721,1.468,1
802,4000,0,401,16.711,0,0.000478725,0,401,0.00235679,1.4678,1
803,4000,0,401.5,16.714,0,0.000475273,0,401.5,0.00235637,1.4676,1
804,4000,0,402,16.717,0,0.000471822,0,402,0.00235594,1.4674,1
805,4000,0,402.5,16.72,0,0.00046837,0,402.5,0.00235552,1.4672,1
806,4000,0,403,16.723,0,0.000464918,0,403,0.0023551,1.467,1
807,4000,0,403.5,16.726,0,0.000461467,0,403.5,0.00235467,1.4668,1
808,4000,0,404,16.729,0,0.000458015,0,404,0.00235425,1.4666,1
809,4000,0,404.5,16.732,0,0.000454564,0,404.5,0.00235383,1.4664,1
810,4000,0,405,16.735,0,0.000451112,0,405,0.00235341,1.4662,1
811,4000,0,405.5,16.738,0,0.00044766,0,405.5,0.00235298,1.466,1
812,4000,0,406,16.741,0,0.000444209,0,406,0.00235256,1.4658,1
813,4000,0,406.5,16.744,0,0.000440757,0,406.5,0.00235214,1.4656,1
814,4000,0,407,16.747,0,0.000437305,0,407,0.00235171,1.4654,1
815,4000,0,407.5,16.75,0,0.000433854,0,407.5,0.00235129,1.4652,1
816,4000,0,408,16.753,0,0.000430402,0,408,0.00235087,1.465,1
817,4000,0,408.5,16.756,0,0.000426951,0,408.5,0.00235044,1.4648,1
818,4000,0,409,16.759,0,0.000423499,0,409,0.00235002,1.4646,1
819,4000,0,409.5,16.7619,0,0.000420047,0,409.5,0.0023496,1.46439,1
820,4000,0,410,16.7649,0,0.000416596,0,410,0.00234917,1.46419,1
821,4000,0,410.5,16.7679,0,0.000413144,0,410.5,0.00234875,1.46399,1
822,4000,0,411,16.7709,0,0.000409692,0,411,0.00234833,1.46379,1
823,4000,0,411.5,16.7739,0,0.000406241,0,411.5,0.0023479,1.46359,1
824,4000,0,412,16.7769,0,0.000402789,0,412,0.00234748,1.46339,1
825,4000,0,412.5,16.7799,0,0.000399338,0,412.5,0.00234706,1.46319,1
826,4000,0,413,16.7829,0,0.000395886,0,413,0.00234663,1.46299,1
827,4000,0,413.5,16.7859,0,0.000392434,0,413.5,0.00234621,1.46279,1
828,4000,0,414,16.7889,0,0.000388983,0,414,0.00234579,1.46259,1
829,4000,0,414.5,16.7919,0,0.000385531,0,414.5,0.00234536,1.46239,1
830,4000,0,415,16.7949,0,0.000382079,0,415,0.00234494,1.46219,1
831,4000,0,415.5,16.7979,0,0.000378628,0,415.5,0.00234452,1.46199,1
832,4000,0,416,16.8009,0,0.000375176,0,416,0.00234409,1.46179,1
833,4000,0,416.5,16.8039,0,0.000371725,0,416.5,0.00234367,1.46159,1
834,4000,0,417,16.8069,0,0.000368273,0,417,0.00234325,1.46139,1
835,4000,0,417.5,16.8099,0,0.000364821,0,417.5,0.00234282,1.46119,1
836,4000,0,418,16.8129,0,0.00036137,0,418,0.0023424,1.46098,1
837,4000,0,418.5,16.8159,0,0.000357918,0,418.5,0.00234198,1.46078,1
838,4000,0,419,16.8189,0,0.000354467,0,419,0.00234155,1.46058,1
839,4000,0,419.5,16.8219,0,0.000351015,0,419.5,0.00234113,1.46038,1
840,4000,0,420,16.8249,0,0.000347563,0,420,0.00234071,1.46018,1
841,4000,0,420.5,16.8279,0,0.000344112,0,420.5,0.00234028,1.45998,1
842,4000,0,421,16.8309,0,0.00034066,0,421,0.00233986,1.45978,1
843,4000,0,421.5,16.8339,0,0.000337208,0,421.5,0.00233944,1.45958,1
844,4000,0,422,16.8369,0,0.000333757,0,422,0.00233901,1.45938,1
845,4000,0,422.5,16.8399,0,0.000330305,0,422.5,0.00233859,1.45918,1
846,4000,0,423,16.8429,0,0.000326854,0,423,0.00233817,1.45898,1
847,4000,0,423.5,16.8459,0,0.000323402,0,423.5,0.00233774,1.45878,1
848,4000,0,424,16.8489,0,0.00031995,0,424,0.00233732,1.45858,1
849,4000,0,424.5,16.8519,0,0.000316499,0,424.5,0.0023369,1.45838,1
850,4000,0,425,16.8549,0,0.000313047,0,425,0.00233648,1.45818,1
851,4000,0,425.5,16.8579,0,0.000309595,0,425.5,0.00233605,1.45798,1
852,4000,0,426,16.8608,0,0.000306144,0,426,0.00233563,1.45778,1
853,4000,0,426.5,16.8638,0,0.000302692,0,426.5,0.00233521,1.45757,1
854,4000,0,427,16.8668,0,0.000299241,0,427,0.00233478,1.45737,1
855,4000,0,427.5,16.8698,0,0.000295789,0,427.5,0.00233436,1.45717,1
856,4000,0,428,16.8728,0,0.000292337,0,428,0.00233394,1.45697,1
857,4000,0,428.5,16.8758,0,0.000288886,0,428.5,0.00233351,1.45677,1
858,4000,0,429,16.8788,0,0.000285434,0,429,0.00233309,1.45657,1
859,4000,0,429.5,16.8818,0,0.000281982,0,429.5,0.00233267,1.45637,1
860,4000,0,430,16.8848,0,0.000278531,0,430,0.00233224,1.45617,1
861,4000,0,430.5,16.8879,0,0.000275611,0,430.5,0.00233202,1.45582,1
862,4000,0,431,16.891,0,0.000272773,0,431,0.00233183,1.45544,1
863,4000,0,431.5,16.8941,0,0.000269936,0,431.5,0.00233163,1.45506,1
864,4000,0,432,16.8972,0,0.000267098,0,432,0.00233144,1.45469,1
865,4000,0,432.5,16.9004,0,0.000264261,0,432.5,0.00233125,1.45431,1
866,4000,0,433,16.9035,0,0.000261424,0,433,0.00233105,1.45393,1
867,4000,0,433.5,16.9066,0,0.000258586,0,433.5,0.00233086,1.45356,1
868,4000,0,434,16.9097,0,0.000255749,0,434,0.00233067,1.45318,1
869,4000,0,434.5,16.9128,0,0.000252912,0,434.5,0.00233048,1.4528,1
870,4000,0,435,16.9159,0,0.000250074,0,435,0.00233028,1.45242,1
871,4000,0,435.5,16.919,0,0.000247237,0,435.5,0.00233009,1.45205,1
872,4000,0,436,16.9221,0,0.0002444,0,436,0.0023299,1.45167,1
873,4000,0,436.5,16.9252,0,0.000241562,0,436.5,0.0023297,1.45129,1
874,4000,0,437,16.9283,0,0.000238725,0,437,0.00232951,1.45092,1
875,4000,0,437.5,16.9315,0,0.000235887,0,437.5,0.00232932,1.45054,1
876,4000,0,438,16.9346,0,0.00023305,0,438,0.00232913,1.45016,1
877,4000,0,438.5,16.9377,0,0.000230213,0,438.5,0.00232893,1.44978,1
878,4000,0,439,16.9408,0,0.000227375,0,439,0.00232874,1.44941,1
879,4000,0,439.5,16.9439,0,0.000224538,0,439.5,0.00232855,1.44903,1
880,4000,0,440,16.947,0,0.000221701,0,440,0.00232835,1.44865,1
881,4000,0,440.5,16.9501,0,0.000218863,0,440.5,0.00232816,1.44828,1
882,4000,0,441,16.9532,0,0.000216026,0,441,0.00232797,1.4479,1
883,4000,0,441.5,16.9563,0,0.000213188,0,441.5,0.00232778,1.44752,1
884,4000,0,442,16.9594,0,0.000210351,0,442,0.00232758,1.44715,1
885,4000,0,442.5,16.9626,0,0.000207514,0,442.5,0.00232739,1.44677,1
886,4000,0,443,16.9657,0,0.000204676,0,443,0.0023272,1.44639,1
887,4000,0,443.5,16.9688,0,0.000201839,0,443.5,0.002327,1.44601,1
888,4000,0,444,16.9719,0,0.000199002,0,444,0.00232681,1.44564,1
889,4000,0,444.5,16.975,0,0.000196164,0,444.5,0.00232662,1.44526,1
890,4000,0,445,16.9781,0,0.000193327,0,445,0.00232643,1.44488,1
891,4000,0,445.5,16.9812,0,0.000190489,0,445.5,0.00232623,1.44451,1
892,4000,0,446,16.9843,0,0.000187652,0,446,0.00232604,1.44413,1
893,4000,0,446.5,16.9874,0,0.000184815,0,446.5,0.00232585,1.44375,1
894,4000,0,447,16.9905,0,0.000181977,0,447,0.00232565,1.44338,1
895,4000,0,447.5,16.9937,0,0.00017914,0,447.5,0.00232546,1.443,1
896,4000,0,448,16.9968,0,0.000176303,0,448,0.00232527,1.44262,1
897,4000,0,448.5,16.9999,0,0.000173465,0,448.5,0.00232508,1.44224,1
898,4000,0,449,17.003,0,0.000170628,0,449,0.00232488,1.44187,1
899,4000,0,449.5,17.0061,0,0.000167791,0,449.5,0.00232469,1.44149,1
900,4000,0,450,17.0092,0,0.000164953,0,450,0.0023245,1.44111,1
901,4000,0,450.5,17.0123,0,0.000162116,0,450.5,0.0023243,1.44074,1
902,4000,0,451,17.0154,0,0.000159278,0,451,0.00232411,1.44036,1
903,4000,0,451.5,17.0185,0,0.000156441,0,451.5,0.00232392,1.43998,1
904,4000,0,452,17.0216,0,0.000153604,0,452,0.00232373,1.4396,1
905,4000,0,452.5,17.0248,0,0.000150766,0,452.5,0.00232353,1.43923,1
906,4000,0,453,17.0279,0,0.000147929,0,453,0.00232334,1.43885,1
907,4000,0,453.5,17.031,0,0.000145092,0,453.5,0.00232315,1.43847,1
908,4000,0,454,17.0341,0,0.000142254,0,454,0.00232295,1.4381,1
909,4000,0,454.5,17.0372,0,0.000139417,0,454.5,0.00232276,1.43772,1
910,4000,0,455,17.0403,0,0.000136579,0,455,0.00232257,1.43734,1
911,4000,0,455.5,17.0434,0,0.000133742,0,455.5,0.00232238,1.43697,1
912,4000,0,456,17.0465,0,0.000130905,0,456,0.00232218,1.43659,1
913,4000,0,456.5,17.0496,0,0.000128067,0,456.5,0.00232199,1.43621,1
914,4000,0,457,17.0527,0,0.00012523,0,457,0.0023218,1.43583,1
915,4000,0,457.5,17.0559,0,0.000122393,0,457.5,0.0023216,1.43546,1
916,4000,0,458,17.059,0,0.000119555,0,458,0.00232141,1.43508,1
917,4000,0,458.5,17.0621,0,0.000116718,0,458.5,0.00232122,1.4347,1
918,4000,0,459,17.0652,0,0.00011388,0,459,0.00232103,1.43433,1
919,4000,0,459.5,17.0683,0,0.000111043,0,459.5,0.00232083,1.43395,1
920,4000,0,460,17.0714,0,0.000108206,0,460,0.00232064,1.43357,1
921,4000,0,460.5,17.0745,0,0.000105368,0,460.5,0.00232045,1.43319,1
922,4000,0,461,17.0776,0,0.000102531,0,461,0.00232025,1.43282,1
923,4000,0,461.5,17.0807,0,9.96936e-05,0,461.5,0.00232006,1.43244,1
924,4000,0,462,17.0838,0,9.68563e-05,0,462,0.00231987,1.43206,1
925,4000,0,462.5,17.087,0,9.40189e-05,0,462.5,0.00231968,1.43169,1
926,4000,0,463,17.0901,0,9.11815e-05,0,463,0.00231948,1.43131,1
927,4000,0,463.5,17.0932,0,8.83441e-05,0,463.5,0.00231929,1.43093,1
928,4000,0,464,17.0961,0,8.6308e-05,0,464,0.00231917,1.43051,1
929,4000,0,464.5,17.0987,0,8.50969e-05,0,464.5,0.00231911,1.43004,1
930,4000,0,465,17.1013,0,8.38858e-05,0,465,0.00231906,1.42957,1
931,4000,0,465.5,17.1039,0,8.26746e-05,0,465.5,0.00231901,1.4291,1
932,4000,0,466,17.1066,0,8.14635e-05,0,466,0.00231896,1.42863,1
933,4000,0,466.5,17.1092,0,8.02524e-05,0,466.5,0.00231891,1.42816,1
934,4000,0,467,17.1118,0,7.90413e-05,0,467,0.00231886,1.42769,1
935,4000,0,467.5,17.1144,0,7.78302e-05,0,467.5,0.00231881,1.42722,1
936,4000,0,468,17.1171,0,7.6619e-05,0,468,0.00231876,1.42675,1
937,4000,0,468.5,17.1197,0,7.54079e-05,0,468.5,0.0023187,1.42628,1
938,4000,0,469,17.1223,0,7.41968e-05,0,469,0.00231865,1.42581,1
939,4000,0,469.5,17.125,0,7.29857e-05,0,469.5,0.0023186,1.42535,1
940,4000,0,470,17.1276,0,7.17746e-05,0,470,0.00231855,1.42488,1
941,4000,0,470.5,17.1302,0,7.05635e-05,0,470.5,0.0023185,1.42441,1
942,4000,0,471,17.1328,0,6.93523e-05,0,471,0.00231845,1.42394,1
943,4000,0,471.5,17.1355,0,6.81412e-05,0,471.5,0.0023184,1.42347,1
944,4000,0,472,17.1381,0,6.69301e-05,0,472,0.00231835,1.423,1
945,4000,0,472.5,17.1407,0,6.5719e-05,0,472.5,0.00231829,1.42253,1
946,4000,0,473,17.1433,0,6.45079e-05,0,473,0.00231824,1.42206,1
947,4000,0,473.5,17.146,0,6.32968e-05,0,473.5,0.00231819,1.42159,1
948,4000,0,474,17.1486,0,6.20856e-05,0,474,0.00231814,1.42112,1
949,4000,0,474.5,17.1512,0,6.08745e-05,0,474.5,0.00231809,1.42065,1
950,4000,0,475,17.1539,0,5.96634e-05,0,475,0.00231804,1.42018,1
951,4000,0,475.5,17.1565,0,5.84523e-05,0,475.5,0.00231799,1.41971,1
952,4000,0,476,17.1591,0,5.72412e-05,0,476,0.00231794,1.41924,1
953,4000,0,476.5,17.1617,0,5.60301e-05,0,476.5,0.00231788,1.41877,1
954,4000,0,477,17.1644,0,5.48189e-05,0,477,0.00231783,1.4183,1
955,4000,0,477.5,17.167,0,5.36078e-05,0,477.5,0.00231778,1.41783,1
956,4000,0,478,17.1696,0,5.23967e-05,0,478,0.00231773,1.41736,1
957,4000,0,478.5,17.1722,0,5.11856e-05,0,478.5,0.00231768,1.41689,1
958,4000,0,479,17.1749,0,4.99745e-05,0,479,0.00231763,1.41642,1
959,4000,0,479.5,17.1775,0,4.87634e-05,0,479.5,0.00231758,1.41596,1
960,4000,0,480,17.1801,0,4.75522e-05,0,480,0.00231753,1.41549,1
961,4000,0,480.5,17.1828,0,4.63411e-05,0,480.5,0.00231747,1.41502,1
962,4000,0,481,17.1854,0,4.513e-05,0,481,0.00231742,1.41455,1
963,4000,0,481.5,17.188,0,4.39189e-05,0,481.5,0.00231737,1.41408,1
964,4000,0,482,17.1906,0,4.27078e-05,0,482,0.00231732,1.41361,1
965,4000,0,482.5,17.1933,0,4.14967e-05,0,482.5,0.00231727,1.41314,1
966,4000,0,483,17.1959,0,4.02855e-05,0,483,0.00231722,1.41267,1
967,4000,0,483.5,17.1985,0,3.90744e-05,0,483.5,0.00231717,1.4122,1
968,4000,0,484,17.2011,0,3.78633e-05,0,484,0.00231712,1.41173,1
969,4000,0,484.5,17.2038,0,3.66522e-05,0,484.5,0.00231706,1.41126,1
970,4000,0,485,17.2064,0,3.54411e-05,0,485,0.00231701,1.41079,1
971,4000,0,485.5,17.209,0,3.42299e-05,0,485.5,0.00231696,1.41032,1
972,4000,0,486,17.2116,0,3.30188e-05,0,486,0.00231691,1.40985,1
973,4000,0,486.5,17.2143,0,3.18077e-05,0,486.5,0.00231686,1.40938,1
974,4000,0,487,17.2169,0,3.05966e-05,0,487,0.00231681,1.40891,1
975,4000,0,487.5,17.2195,0,2.93855e-05,0,487.5,0.00231676,1.40844,1
976,4000,0,488,17.2222,0,2.81744e-05,0,488,0.00231671,1.40797,1
977,4000,0,488.5,17.2248,0,2.69632e-05,0,488.5,0.00231665,1.4075,1
978,4000,0,489,17.2274,0,2.57521e-05,0,489,0.0023166,1.40703,1
979,4000,0,489.5,17.23,0,2.4541e-05,0,489.5,0.00231655,1.40656,1
980,4000,0,490,17.2327,0,2.33299e-05,0,490,0.0023165,1.4061,1
981,4000,0,490.5,17.2353,0,2.21188e-05,0,490.5,0.00231645,1.40563,1
982,4000,0,491,17.2379,0,2.09077e-05,0,491,0.0023164,1.40516,1
983,4000,0,491.5,17.2405,0,1.96965e-05,0,491.5,0.00231635,1.40469,1
984,4000,0,492,17.2432,0,1.84854e-05,0,492,0.0023163,1.40422,1
985,4000,0,492.5,17.2458,0,1.72743e-05,0,492.5,0.00231624,1.40375,1
986,4000,0,493,17.2484,0,1.60632e-05,0,493,0.00231619,1.40328,1
987,4000,0,493.5,17.2511,0,1.48521e-05,0,493.5,0.00231614,1.40281,1
988,4000,0,494,17.2537,0,1.3641e-05,0,494,0.00231609,1.40234,1
989,4000,0,494.5,17.2563,0,1.24298e-05,0,494.5,0.00231604,1.40187,1
990,4000,0,495,17.2589,0,1.12187e-05,0,495,0.00231599,1.4014,1
991,4000,0,495.5,17.2616,0,1.00076e-05,0,495.5,0.00231594,1.40093,1
992,4000,0,496,17.2642,0,8.79649e-06,0,496,0.00231589,1.40046,1
993,4000,0,496.5,17.2668,0,7.58537e-06,0,496.5,0.00231583,1.39999,1
994,4000,0,497,17.2694,0,6.37426e-06,0,497,0.00231578,1.39952,1
995,4000,0,497.5,17.2721,0,5.16314e-06,0,497.5,0.00231573,1.39905,1
996,4000,0,498,17.2747,0,3.95202e-06,0,498,0.00231568,1.39858,1
997,4000,0,498.5,17.2773,0,2.74091e-06,0,498.5,0.00231563,1.39811,1
998,4000,0,499,17.28,0,1.52979e-06,0,499,0.00231558,1.39764,1
999,4000,0,499.5,17.2826,0,3.18671e-07,0,499.5,0.00231553,1.39717,1
1000,4000,0,500,17.33,0,0,0,500,0.00231547,1.3868,1
