0,-0.769573
0.002,-0.874862
0.004,-0.836383
0.006,-0.710479
0.008,-0.527582
0.01,-0.282832
0.012,-0.00335199
0.014,0.22207
0.016,0.323601
0.018,0.353912
0.02,0.470495
0.022,0.79075
0.024,1.27224
0.026,1.74299
0.028,2.03519
0.03,2.08399
0.032,1.93258
0.034,1.69141
0.036,1.4877
0.038,1.38463
0.04,1.294
0.042,1.00116
0.044,0.364106
0.046,-0.476835
0.048,-1.14726
0.05,-1.37425
0.052,-1.27564
0.054,-1.25152
0.056,-1.5556
0.058,-2.01845
0.06,-2.24804
0.062,-2.0801
0.064,-1.75422
0.066,-1.62413
0.068,-1.76941
0.07,-1.97143
0.072,-2.04341
0.074,-2.06968
0.076,-2.25395
0.078,-2.59614
0.08,-2.83724
0.082,-2.75981
0.084,-2.4706
0.086,-2.30798
0.088,-2.47939
0.09,-2.85383
0.092,-3.12828
0.094,-3.13743
0.096,-2.94483
0.098,-2.66676
0.1,-2.30971
0.102,-1.83684
0.104,-1.33968
0.106,-1.03936
0.108,-1.07309
0.11,-1.32463
0.112,-1.52907
0.114,-1.54786
0.116,-1.49147
0.118,-1.54624
0.12,-1.72095
0.122,-1.82307
0.124,-1.6877
0.126,-1.37294
0.128,-1.08635
0.13,-0.945621
0.132,-0.872225
0.134,-0.729003
0.136,-0.496658
0.138,-0.252474
0.14,0.000207766
0.142,0.388982
0.144,1.00239
0.146,1.69785
0.148,2.15372
0.15,2.14369
0.152,1.74009
0.154,1.23657
0.156,0.896894
0.158,0.787574
0.16,0.796082
0.162,0.733926
0.164,0.428314
0.166,-0.181387
0.168,-0.945169
0.17,-1.5242
0.172,-1.61276
0.174,-1.19477
0.176,-0.551954
0.178,0.00729651
0.18,0.382215
0.182,0.604075
0.184,0.604023
0.186,0.213517
0.188,-0.542024
0.19,-1.27462
0.192,-1.53484
0.194,-1.30759
0.196,-1.074
0.198,-1.27861
0.2,-1.80147
0.202,-2.08837
0.204,-1.80305
0.206,-1.21356
0.208,-0.858583
0.21,-0.937075
0.212,-1.17224
0.214,-1.24672
0.216,-1.1823
0.218,-1.18727
0.22,-1.25936
0.222,-1.14438
0.224,-0.711279
0.226,-0.19947
0.228,0.027381
0.23,-0.105168
0.232,-0.352695
0.234,-0.511106
0.236,-0.640804
0.238,-0.865005
0.24,-1.0903
0.242,-1.10602
0.244,-0.934005
0.246,-0.880556
0.248,-1.13452
0.25,-1.43653
0.252,-1.32404
0.254,-0.696435
0.256,0.0292078
0.258,0.399842
0.26,0.436455
0.262,0.520562
0.264,0.832144
0.266,1.10171
0.268,0.996963
0.27,0.598981
0.272,0.311883
0.274,0.335529
0.276,0.430651
0.278,0.298508
0.28,0.0454641
0.282,0.0779121
0.284,0.550698
0.286,1.11316
0.288,1.31173
0.29,1.13167
0.292,0.97177
0.294,1.09511
0.296,1.28275
0.298,1.13373
0.3,0.601819
0.302,0.0706899
0.304,-0.103685
0.306,0.025334
0.308,0.146574
0.31,0.107946
0.312,0.0283925
0.314,0.0182897
0.316,-0.0269318
0.318,-0.244267
0.32,-0.522024
0.322,-0.584918
0.324,-0.381523
0.326,-0.222643
0.328,-0.403763
0.33,-0.769588
0.332,-0.844843
0.334,-0.453751
0.336,-0.0535769
0.338,-0.273699
0.34,-1.13412
0.342,-1.89593
0.344,-1.80671
0.346,-0.92918
0.348,-0.0921989
0.35,0.00147471
0.352,-0.495562
0.354,-0.81513
0.356,-0.46726
0.358,0.24339
0.36,0.620187
0.362,0.37599
0.364,-0.0767721
0.366,-0.102559
0.368,0.513027
0.37,1.43323
0.372,2.17528
0.374,2.52044
0.376,2.53912
0.378,2.3619
0.38,2.0499
0.382,1.66332
0.384,1.33105
0.386,1.17556
0.388,1.2015
0.39,1.31809
0.392,1.46347
0.394,1.64983
0.396,1.87335
0.398,2.04293
0.4,2.06024
0.402,1.95248
0.404,1.85548
0.406,1.83916
0.408,1.80387
0.41,1.60992
0.412,1.29319
0.414,1.07726
0.416,1.13558
0.418,1.39017
0.42,1.61265
0.422,1.71564
0.424,1.86294
0.426,2.23564
0.428,2.7308
0.43,2.98688
0.432,2.75524
0.434,2.20848
0.436,1.8152
0.438,1.88568
0.44,2.26052
0.442,2.46411
0.444,2.16028
0.446,1.46089
0.448,0.817484
0.45,0.635227
0.452,0.966963
0.454,1.51875
0.456,1.91075
0.458,1.95379
0.46,1.73129
0.462,1.45546
0.464,1.2521
0.466,1.0777
0.468,0.832682
0.47,0.522083
0.472,0.258947
0.474,0.0985557
0.476,-0.0726728
0.478,-0.401832
0.48,-0.808659
0.482,-0.94101
0.484,-0.490566
0.486,0.427783
0.488,1.2777
0.49,1.54571
0.492,1.1832
0.494,0.578349
0.496,0.106012
0.498,-0.234412
0.5,-0.711714
0.502,-1.4577
0.504,-2.25632
0.506,-2.75902
0.508,-2.86016
0.51,-2.80994
0.512,-2.95741
0.514,-3.40439
0.516,-3.90554
0.518,-4.0823
0.52,-3.74161
0.522,-3.03311
0.524,-2.32665
0.526,-1.91042
0.528,-1.75884
0.53,-1.58384
0.532,-1.14077
0.534,-0.49638
0.536,0.0293531
0.538,0.201841
0.54,0.121576
0.542,0.0972137
0.544,0.284797
0.546,0.511507
0.548,0.47938
0.55,0.0939086
0.552,-0.458033
0.554,-0.919009
0.556,-1.16124
0.558,-1.1629
0.56,-0.88964
0.562,-0.314521
0.564,0.446059
0.566,1.11741
0.568,1.45535
0.57,1.42347
0.572,1.1453
0.574,0.72615
0.576,0.205183
0.578,-0.323902
0.58,-0.664544
0.582,-0.686521
0.584,-0.506706
0.586,-0.394994
0.588,-0.474254
0.59,-0.593207
0.592,-0.549486
0.594,-0.367447
0.596,-0.247673
0.598,-0.254784
0.6,-0.190457
0.602,0.137006
0.604,0.592613
0.606,0.801987
0.608,0.582216
0.61,0.178076
0.612,-0.0139957
0.614,0.0952301
0.616,0.2075
0.618,0.0156195
0.62,-0.442673
0.622,-0.870379
0.624,-1.07858
0.626,-1.15809
0.628,-1.28423
0.63,-1.46124
0.632,-1.54028
0.634,-1.44704
0.636,-1.29381
0.638,-1.2416
0.64,-1.31486
0.642,-1.40417
0.644,-1.42416
0.646,-1.40828
0.648,-1.43381
0.65,-1.49071
0.652,-1.45566
0.654,-1.19815
0.656,-0.716772
0.658,-0.191309
0.66,0.105036
0.662,0.00355897
0.664,-0.386166
0.666,-0.707933
0.668,-0.639648
0.67,-0.198311
0.672,0.256042
0.674,0.369283
0.676,0.142078
0.678,-0.118055
0.68,-0.198806
0.682,-0.263278
0.684,-0.652933
0.686,-1.42793
0.688,-2.19669
0.69,-2.4624
0.692,-2.10783
0.694,-1.48318
0.696,-1.03284
0.698,-0.910616
0.7,-0.980926
0.702,-1.09948
0.704,-1.2633
0.706,-1.46578
0.708,-1.52516
0.71,-1.19945
0.712,-0.506663
0.714,0.148267
0.716,0.26263
0.718,-0.308872
0.72,-1.19619
0.722,-1.82303
0.724,-1.88286
0.726,-1.53913
0.728,-1.2091
0.73,-1.18536
0.732,-1.44394
0.734,-1.74813
0.736,-1.87859
0.738,-1.76757
0.74,-1.47304
0.742,-1.0873
0.744,-0.686945
0.746,-0.33954
0.748,-0.115238
0.75,-0.0669014
0.752,-0.191565
0.754,-0.408227
0.756,-0.575378
0.758,-0.55198
0.76,-0.284145
0.762,0.128665
0.764,0.447228
0.766,0.407521
0.768,-0.119071
0.77,-1.02458
0.772,-1.99431
0.774,-2.65772
0.776,-2.78799
0.778,-2.45657
0.78,-2.04395
0.782,-2.03773
0.784,-2.67522
0.786,-3.67389
0.788,-4.34007
0.79,-4.0841
0.792,-2.9539
0.794,-1.66821
0.796,-1.037
0.798,-1.27241
0.8,-1.86128
0.802,-2.13337
0.804,-1.94015
0.806,-1.74122
0.808,-2.0346
0.81,-2.7701
0.812,-3.37719
0.814,-3.34682
0.816,-2.71979
0.818,-1.9875
0.82,-1.57547
0.822,-1.48446
0.824,-1.40578
0.826,-1.08689
0.828,-0.53143
0.83,0.09157
0.832,0.616362
0.834,0.926549
0.836,0.928521
0.838,0.600286
0.84,0.089673
0.842,-0.321248
0.844,-0.440095
0.846,-0.358997
0.848,-0.366229
0.85,-0.622637
0.852,-0.947682
0.854,-0.972106
0.856,-0.51218
0.858,0.234403
0.86,0.875344
0.862,1.17646
0.864,1.20379
0.866,1.1487
0.868,1.08917
0.87,0.96688
0.872,0.754521
0.874,0.553846
0.876,0.485238
0.878,0.526049
0.88,0.530904
0.882,0.425539
0.884,0.327262
0.886,0.427007
0.888,0.768232
0.89,1.18857
0.892,1.48233
0.894,1.56814
0.896,1.46417
0.898,1.15384
0.9,0.585912
0.902,-0.141311
0.904,-0.668625
0.906,-0.588191
0.908,0.145105
0.91,1.04095
0.912,1.41168
0.914,0.968675
0.916,0.10513
0.918,-0.439602
0.92,-0.231993
0.922,0.508241
0.924,1.17941
0.926,1.38558
0.928,1.24819
0.93,1.17128
0.932,1.36708
0.934,1.66606
0.936,1.77849
0.938,1.65888
0.94,1.533
0.942,1.57512
0.944,1.65715
0.946,1.50364
0.948,1.07129
0.95,0.66197
0.952,0.587152
0.954,0.774657
0.956,0.821544
0.958,0.462214
0.96,-0.117799
0.962,-0.527934
0.964,-0.675375
0.966,-0.861112
0.968,-1.30584
0.97,-1.7125
0.972,-1.50222
0.974,-0.5268
0.976,0.616224
0.978,1.14166
0.98,0.916825
0.982,0.57947
0.984,0.756996
0.986,1.31196
0.988,1.53569
0.99,1.05673
0.992,0.337732
0.994,0.133776
0.996,0.57799
0.998,1.03094
1,0.877185
1.002,0.267644
1.004,-0.116739
1.006,0.0350495
1.008,0.24815
1.01,-0.144243
1.012,-1.14774
1.014,-2.06032
1.016,-2.27659
1.018,-1.9412
1.02,-1.68255
1.022,-1.82008
1.024,-2.03766
1.026,-1.85248
1.028,-1.2098
1.03,-0.474975
1.032,0.0515017
1.034,0.394343
1.036,0.659332
1.038,0.753366
1.04,0.546233
1.042,0.238657
1.044,0.315425
1.046,1.00003
1.048,1.87535
1.05,2.23062
1.052,1.79977
1.054,1.02352
1.056,0.523703
1.058,0.436073
1.06,0.390655
1.062,0.0931149
1.064,-0.270537
1.066,-0.299099
1.068,0.0766986
1.07,0.4829
1.072,0.546902
1.074,0.314955
1.076,0.142203
1.078,0.24905
1.08,0.517146
1.082,0.725926
1.084,0.85902
1.086,1.07701
1.088,1.43208
1.09,1.7269
1.092,1.70688
1.094,1.35124
1.096,0.928038
1.098,0.764161
1.1,0.967181
1.102,1.33938
1.104,1.53155
1.106,1.31654
1.108,0.79387
1.11,0.355024
1.112,0.381383
1.114,0.89223
1.116,1.48461
1.118,1.6819
1.12,1.38054
1.122,0.933241
1.124,0.773007
1.126,0.987374
1.128,1.29726
1.13,1.41533
1.132,1.33858
1.134,1.27067
1.136,1.35089
1.138,1.55617
1.14,1.83359
1.142,2.18764
1.144,2.55968
1.146,2.71068
1.148,2.37985
1.15,1.60876
1.152,0.816615
1.154,0.456347
1.156,0.604688
1.158,0.956146
1.16,1.21336
1.162,1.38731
1.164,1.65581
1.166,2.00602
1.168,2.16048
1.17,1.90683
1.172,1.41274
1.174,1.10533
1.176,1.22942
1.178,1.59355
1.18,1.78588
1.182,1.5971
1.184,1.19098
1.186,0.899089
1.188,0.921621
1.19,1.22319
1.192,1.61823
1.194,1.87807
1.196,1.80843
1.198,1.36255
1.2,0.746835
1.202,0.339113
1.204,0.381496
1.206,0.729948
1.208,0.98503
1.21,0.924961
1.212,0.762093
1.214,0.893397
1.216,1.40648
1.218,1.92406
1.22,1.98932
1.222,1.55078
1.224,0.992037
1.226,0.707328
1.228,0.746567
1.23,0.901511
1.232,1.02119
1.234,1.10957
1.236,1.14176
1.238,0.958921
1.24,0.462388
1.242,-0.159612
1.244,-0.549309
1.246,-0.555333
1.248,-0.387794
1.25,-0.333938
1.252,-0.406872
1.254,-0.397432
1.256,-0.237497
1.258,-0.132994
1.26,-0.242461
1.262,-0.350879
1.264,-0.059946
1.266,0.678704
1.268,1.39332
1.27,1.58107
1.272,1.2864
1.274,1.03621
1.276,1.20405
1.278,1.60721
1.28,1.82297
1.282,1.76302
1.284,1.7326
1.286,1.93296
1.288,2.13293
1.29,1.99139
1.292,1.59483
1.294,1.44938
1.296,1.8869
1.298,2.63623
1.3,3.10319
1.302,2.98793
1.304,2.47729
1.306,1.86926
1.308,1.22467
1.31,0.500718
1.312,-0.133871
1.314,-0.364101
1.316,-0.140674
1.318,0.16661
1.32,0.170442
1.322,-0.064828
1.324,-0.119485
1.326,0.224566
1.328,0.694891
1.33,0.879964
1.332,0.733904
1.334,0.560028
1.336,0.533004
1.338,0.453881
1.34,0.0893444
1.342,-0.392239
1.344,-0.536732
1.346,-0.16595
1.348,0.358894
1.35,0.550678
1.352,0.375531
1.354,0.265811
1.356,0.573148
1.358,1.1726
1.36,1.68247
1.362,1.94191
1.364,2.10442
1.366,2.2925
1.368,2.36354
1.37,2.13488
1.372,1.72916
1.374,1.51025
1.376,1.64861
1.378,1.88565
1.38,1.82263
1.382,1.37455
1.384,0.82839
1.386,0.477399
1.388,0.330676
1.39,0.232797
1.392,0.148906
1.394,0.187355
1.396,0.355162
1.398,0.436541
1.4,0.198545
1.402,-0.346303
1.404,-0.966931
1.406,-1.46331
1.408,-1.78026
1.41,-1.87348
1.412,-1.61777
1.414,-0.986892
1.416,-0.274287
1.418,0.0471332
1.42,-0.212967
1.422,-0.71059
1.424,-0.8898
1.426,-0.556536
1.428,-0.0476712
1.43,0.185943
1.432,0.0680315
1.434,-0.100515
1.436,-0.0519219
1.438,0.171407
1.44,0.364129
1.442,0.445876
1.444,0.48831
1.446,0.510235
1.448,0.395968
1.45,0.0707125
1.452,-0.339064
1.454,-0.616651
1.456,-0.689868
1.458,-0.655048
1.46,-0.568854
1.462,-0.340016
1.464,0.0888074
1.466,0.531588
1.468,0.681565
1.47,0.477717
1.472,0.236275
1.474,0.313279
1.476,0.668674
1.478,0.870159
1.48,0.557988
1.482,-0.161029
1.484,-0.819992
1.486,-1.03347
1.488,-0.779818
1.49,-0.309956
1.492,0.0958812
1.494,0.261103
1.496,0.143977
1.498,-0.122353
1.5,-0.248373
1.502,0.000240776
1.504,0.526892
1.506,0.917142
1.508,0.841197
1.51,0.43914
1.512,0.205919
1.514,0.452264
1.516,0.956506
1.518,1.23015
1.52,1.09171
1.522,0.875265
1.524,1.04671
1.526,1.69354
1.528,2.45022
1.53,2.87028
1.532,2.78912
1.534,2.35902
1.536,1.87241
1.538,1.6216
1.54,1.8158
1.542,2.44754
1.544,3.19063
1.546,3.56111
1.548,3.32479
1.55,2.75113
1.552,2.37011
1.554,2.43693
1.556,2.69648
1.558,2.7264
1.56,2.45246
1.562,2.211
1.564,2.27704
1.566,2.43732
1.568,2.1607
1.57,1.22233
1.572,0.0862139
1.574,-0.419241
1.576,0.150731
1.578,1.41752
1.58,2.47378
1.582,2.62979
1.584,1.93215
1.586,1.03052
1.588,0.575785
1.59,0.714358
1.592,1.08813
1.594,1.25384
1.596,1.0791
1.598,0.768007
1.6,0.578049
1.602,0.572664
1.604,0.638127
1.606,0.659556
1.608,0.61032
1.61,0.496597
1.612,0.317805
1.614,0.136351
1.616,0.109508
1.618,0.322013
1.62,0.566287
1.622,0.423695
1.624,-0.290866
1.626,-1.18343
1.628,-1.54637
1.63,-1.09502
1.632,-0.385095
1.634,-0.337333
1.636,-1.27579
1.638,-2.52356
1.64,-3.06484
1.642,-2.601
1.644,-1.85357
1.646,-1.78565
1.648,-2.60339
1.65,-3.60153
1.652,-3.9384
1.654,-3.43561
1.656,-2.6
1.658,-2.01639
1.66,-1.87693
1.662,-2.06009
1.664,-2.44524
1.666,-2.98931
1.668,-3.57226
1.67,-3.97773
1.672,-4.11952
1.674,-4.18194
1.676,-4.40026
1.678,-4.71799
1.68,-4.79211
1.682,-4.39368
1.684,-3.70714
1.686,-3.12272
1.688,-2.76763
1.69,-2.38663
1.692,-1.74922
1.694,-1.06792
1.696,-0.862712
1.698,-1.38973
1.7,-2.30694
1.702,-2.97416
1.704,-3.03326
1.706,-2.62465
1.708,-2.08523
1.71,-1.5768
1.712,-1.07335
1.714,-0.604063
1.716,-0.346528
1.718,-0.440077
1.72,-0.797423
1.722,-1.17142
1.724,-1.36632
1.726,-1.31865
1.728,-1.01688
1.73,-0.479331
1.732,0.124494
1.734,0.432608
1.736,0.132876
1.738,-0.697698
1.74,-1.57013
1.742,-1.97996
1.744,-1.82587
1.746,-1.40911
1.748,-1.06307
1.75,-0.870087
1.752,-0.744221
1.754,-0.662297
1.756,-0.680114
1.758,-0.739418
1.76,-0.612047
1.762,-0.14778
1.764,0.466666
1.766,0.819396
1.768,0.69205
1.77,0.306371
1.772,0.0914331
1.774,0.230337
1.776,0.502183
1.778,0.572291
1.78,0.364379
1.782,0.099912
1.784,0.020932
1.786,0.157733
1.788,0.37328
1.79,0.551317
1.792,0.676335
1.794,0.767664
1.796,0.825783
1.798,0.870175
1.8,0.965139
1.802,1.14387
1.804,1.32742
1.806,1.3899
1.808,1.32522
1.81,1.29049
1.812,1.42392
1.814,1.63863
1.816,1.67332
1.818,1.3899
1.82,0.98466
1.822,0.838985
1.824,1.13719
1.826,1.65658
1.828,1.96281
1.83,1.81738
1.832,1.3962
1.834,1.12755
1.836,1.32768
1.838,1.96551
1.84,2.72441
1.842,3.25956
1.844,3.41936
1.846,3.27502
1.848,2.98403
1.85,2.64718
1.852,2.29849
1.854,2.00551
1.856,1.9124
1.858,2.1129
1.86,2.47212
1.862,2.65102
1.864,2.40051
1.866,1.84449
1.868,1.40063
1.87,1.36292
1.872,1.59159
1.874,1.68133
1.876,1.43041
1.878,1.05688
1.88,0.89953
1.882,0.976665
1.884,0.963852
1.886,0.631215
1.888,0.192662
1.89,0.11385
1.892,0.595393
1.894,1.34811
1.896,1.90804
1.898,2.08409
1.9,2.0202
1.902,1.88543
1.904,1.6555
1.906,1.24977
1.908,0.762753
1.91,0.414084
1.912,0.269912
1.914,0.139401
1.916,-0.179343
1.918,-0.622254
1.92,-0.93401
1.922,-1.00738
1.924,-1.02995
1.926,-1.22404
1.928,-1.51153
1.93,-1.55781
1.932,-1.17388
1.934,-0.590298
1.936,-0.257123
1.938,-0.389115
1.94,-0.764852
1.942,-0.973122
1.944,-0.798798
1.946,-0.345564
1.948,0.151426
1.95,0.54309
1.952,0.79506
1.954,0.895505
1.956,0.83083
1.958,0.661561
1.96,0.552517
1.962,0.656851
1.964,0.954298
1.966,1.23487
1.968,1.27731
1.97,1.05456
1.972,0.75489
1.974,0.595857
1.976,0.629991
1.978,0.748559
1.98,0.860244
1.982,1.01
1.984,1.27281
1.986,1.55332
1.988,1.5871
1.99,1.221
1.992,0.668682
1.994,0.379454
1.996,0.578736
1.998,0.975379
2,1.01609
2.002,0.457459
2.004,-0.373821
2.006,-0.933306
2.008,-1.01838
2.01,-0.893769
2.012,-0.87463
2.014,-0.912837
2.016,-0.699594
2.018,-0.128867
2.02,0.492094
2.022,0.772361
2.024,0.704453
2.026,0.684913
2.028,1.04944
2.03,1.66801
2.032,2.06158
2.034,1.88925
2.036,1.26744
2.038,0.630752
2.04,0.351119
2.042,0.497541
2.044,0.862287
2.046,1.11815
2.048,0.984581
2.05,0.391632
2.052,-0.416698
2.054,-0.999263
2.056,-1.07803
2.058,-0.839048
2.06,-0.796236
2.062,-1.25702
2.064,-1.93223
2.066,-2.17548
2.068,-1.66827
2.07,-0.817019
2.072,-0.38453
2.074,-0.717713
2.076,-1.40555
2.078,-1.73649
2.08,-1.43819
2.082,-0.893242
2.084,-0.651192
2.086,-0.845401
2.088,-1.15939
2.09,-1.28696
2.092,-1.27638
2.094,-1.38173
2.096,-1.69901
2.098,-2.0863
2.1,-2.42013
2.102,-2.76943
2.104,-3.21611
2.106,-3.59577
2.108,-3.59713
2.11,-3.17714
2.112,-2.7559
2.114,-2.85405
2.116,-3.53294
2.118,-4.30251
2.12,-4.63827
2.122,-4.51718
2.124,-4.35496
2.126,-4.44804
2.128,-4.60341
2.13,-4.38096
2.132,-3.62839
2.134,-2.67515
2.136,-2.00026
2.138,-1.7902
2.14,-1.84687
2.142,-1.84205
2.144,-1.57611
2.146,-1.03147
2.148,-0.313344
2.15,0.383841
2.152,0.81864
2.154,0.831177
2.156,0.468003
2.158,-0.0694332
2.16,-0.630571
2.162,-1.22922
2.164,-1.91143
2.166,-2.55437
2.168,-2.89588
2.17,-2.81017
2.172,-2.50222
2.174,-2.34895
2.176,-2.52612
2.178,-2.82602
2.18,-2.86673
2.182,-2.46703
2.184,-1.80608
2.186,-1.24298
2.188,-1.01197
2.19,-1.07689
2.192,-1.22275
2.194,-1.25002
2.196,-1.10391
2.198,-0.87357
2.2,-0.703358
2.202,-0.699313
2.204,-0.890992
2.206,-1.24647
2.208,-1.68962
2.21,-2.09196
2.212,-2.28589
2.214,-2.15723
2.216,-1.7655
2.218,-1.34028
2.22,-1.09172
2.222,-1.00493
2.224,-0.868998
2.226,-0.551139
2.228,-0.209466
2.23,-0.158764
2.232,-0.503161
2.234,-0.963132
2.236,-1.13229
2.238,-0.891424
2.24,-0.501062
2.242,-0.269056
2.244,-0.203398
2.246,-0.075532
2.248,0.194283
2.25,0.329142
2.252,-0.0388432
2.254,-0.908918
2.256,-1.79125
2.258,-2.0938
2.26,-1.63583
2.262,-0.789749
2.264,-0.149502
2.266,-0.0635971
2.268,-0.426745
2.27,-0.838755
2.272,-0.95042
2.274,-0.731352
2.276,-0.479514
2.278,-0.55799
2.28,-1.04509
2.282,-1.60683
2.284,-1.76751
2.286,-1.37688
2.288,-0.806021
2.29,-0.613286
2.292,-0.979805
2.294,-1.51284
2.296,-1.65277
2.298,-1.25098
2.3,-0.684738
2.302,-0.404872
2.304,-0.459507
2.306,-0.530142
2.308,-0.376504
2.31,-0.112307
2.312,0.00124827
2.314,-0.0764546
2.316,-0.135771
2.318,-0.0417302
2.32,0.0531035
2.322,-0.0890895
2.324,-0.450478
2.326,-0.757457
2.328,-0.842176
2.33,-0.881483
2.332,-1.17027
2.334,-1.70403
2.336,-2.11864
2.338,-2.08695
2.34,-1.68291
2.342,-1.26812
2.344,-1.07075
2.346,-0.998866
2.348,-0.883965
2.35,-0.771984
2.352,-0.847678
2.354,-1.11482
2.356,-1.30755
2.358,-1.18865
2.36,-0.841422
2.362,-0.547826
2.364,-0.403901
2.366,-0.196477
2.368,0.269057
2.37,0.813332
2.372,0.993128
2.374,0.583051
2.376,-0.152628
2.378,-0.731299
2.38,-0.93334
2.382,-0.924613
2.384,-0.925909
2.386,-0.892586
2.388,-0.6081
2.39,-0.034368
2.392,0.561879
2.394,0.880991
2.396,0.919702
2.398,0.948743
2.4,1.16936
2.402,1.46448
2.404,1.53525
2.406,1.25859
2.408,0.857939
2.41,0.697229
2.412,0.912995
2.414,1.26033
2.416,1.33206
2.418,0.952392
2.42,0.376822
2.422,0.092845
2.424,0.378057
2.426,1.02173
2.428,1.49918
2.43,1.46181
2.432,1.06397
2.434,0.776322
2.436,0.862155
2.438,1.07501
2.44,0.920824
2.442,0.210342
2.444,-0.705674
2.446,-1.27674
2.448,-1.28268
2.45,-0.974432
2.452,-0.720687
2.454,-0.620083
2.456,-0.522705
2.458,-0.362827
2.46,-0.327677
2.462,-0.631748
2.464,-1.19458
2.466,-1.65061
2.468,-1.69867
2.47,-1.37588
2.472,-0.949562
2.474,-0.599371
2.476,-0.290585
2.478,0.0498968
2.48,0.341841
2.482,0.416923
2.484,0.237553
2.486,-0.0448842
2.488,-0.273684
2.49,-0.454963
2.492,-0.68473
2.494,-0.963916
2.496,-1.19876
2.498,-1.40771
2.5,-1.81122
2.502,-2.5827
2.504,-3.51073
2.506,-4.04027
2.508,-3.76605
2.51,-2.87997
2.512,-2.05066
2.514,-1.82512
2.516,-2.18122
2.518,-2.67974
2.52,-2.98302
2.522,-3.13625
2.524,-3.35429
2.526,-3.65441
2.528,-3.7994
2.53,-3.57834
2.532,-3.04542
2.534,-2.44211
2.536,-1.94198
2.538,-1.53435
2.54,-1.13324
2.542,-0.722363
2.544,-0.370805
2.546,-0.167625
2.548,-0.191133
2.55,-0.496389
2.552,-1.04003
2.554,-1.6021
2.556,-1.87644
2.558,-1.73361
2.56,-1.38014
2.562,-1.16552
2.564,-1.19211
2.566,-1.18328
2.568,-0.818348
2.57,-0.175677
2.572,0.263541
2.574,0.112536
2.576,-0.476045
2.578,-0.952698
2.58,-0.963296
2.582,-0.715648
2.584,-0.698167
2.586,-1.0816
2.588,-1.49628
2.59,-1.43276
2.592,-0.805853
2.594,-0.0707708
2.596,0.193454
2.598,-0.233958
2.6,-1.11698
2.602,-2.03422
2.604,-2.68179
2.606,-2.97244
2.608,-2.97257
2.61,-2.81294
2.612,-2.61443
2.614,-2.41994
2.616,-2.17906
2.618,-1.83443
2.62,-1.43264
2.622,-1.11069
2.624,-0.945171
2.626,-0.847158
2.628,-0.656399
2.63,-0.337303
2.632,-0.0331939
2.634,0.0948204
2.636,0.0485451
2.638,-0.0143543
2.64,0.0663634
2.642,0.353319
2.644,0.83234
2.646,1.43386
2.648,1.98809
2.65,2.24159
2.652,2.04289
2.654,1.53422
2.656,1.06909
2.658,0.872867
2.66,0.829363
2.662,0.672471
2.664,0.349692
2.666,0.0796654
2.668,0.0280355
2.67,0.0629648
2.672,-0.038958
2.674,-0.210701
2.676,-0.116573
2.678,0.371461
2.68,0.879892
2.682,0.908034
2.684,0.464748
2.686,0.115912
2.688,0.290649
2.69,0.698656
2.692,0.656877
2.694,-0.0236941
2.696,-0.719366
2.698,-0.70475
2.7,-0.037717
2.702,0.498692
2.704,0.338226
2.706,-0.219904
2.708,-0.447537
2.71,-0.114996
2.712,0.275501
2.714,0.193794
2.716,-0.240692
2.718,-0.473709
2.72,-0.273562
2.722,0.00849496
2.724,-0.00802614
2.726,-0.165634
2.728,0.0100348
2.73,0.593639
2.732,1.04031
2.734,0.813545
2.736,0.08048
2.738,-0.429921
2.74,-0.258961
2.742,0.27578
2.744,0.503764
2.746,0.210037
2.748,-0.153885
2.75,-0.0702792
2.752,0.396089
2.754,0.667697
2.756,0.315314
2.758,-0.48569
2.76,-1.19647
2.762,-1.52
2.764,-1.672
2.766,-2.0587
2.768,-2.76756
2.77,-3.43553
2.772,-3.61562
2.774,-3.24279
2.776,-2.72293
2.778,-2.55936
2.78,-2.88225
2.782,-3.33622
2.784,-3.43656
2.786,-3.04921
2.788,-2.52133
2.79,-2.32986
2.792,-2.60551
2.794,-3.02398
2.796,-3.17381
2.798,-2.99876
2.8,-2.83031
2.802,-2.97849
2.804,-3.34813
2.806,-3.52864
2.808,-3.27221
2.81,-2.82006
2.812,-2.68239
2.814,-3.0858
2.816,-3.69585
2.818,-3.94371
2.82,-3.6222
2.822,-3.10519
2.824,-2.94843
2.826,-3.31012
2.828,-3.82097
2.83,-4.01711
2.832,-3.8203
2.834,-3.53178
2.836,-3.40371
2.838,-3.34017
2.84,-3.07973
2.842,-2.59254
2.844,-2.16531
2.846,-2.06164
2.848,-2.19382
2.85,-2.22593
2.852,-1.97891
2.854,-1.63291
2.856,-1.48923
2.858,-1.60031
2.86,-1.70905
2.862,-1.53122
2.864,-1.02266
2.866,-0.36779
2.868,0.199572
2.87,0.5035
2.872,0.439433
2.874,0.0332489
2.876,-0.469377
2.878,-0.688848
2.88,-0.425381
2.882,0.0984361
2.884,0.395149
2.886,0.165874
2.888,-0.433293
2.89,-1.00304
2.892,-1.32589
2.894,-1.51412
2.896,-1.76621
2.898,-2.08995
2.9,-2.32233
2.902,-2.34548
2.904,-2.17672
2.906,-1.85907
2.908,-1.38491
2.91,-0.794444
2.912,-0.268214
2.914,-0.000325525
2.916,0.0227862
2.918,0.0104418
2.92,0.0833532
2.922,0.0914481
2.924,-0.169033
2.926,-0.582684
2.928,-0.714672
2.93,-0.285443
2.932,0.424673
2.934,0.795491
2.936,0.54234
2.938,0.0822043
2.94,0.123063
2.942,0.888582
2.944,1.82449
2.946,2.11563
2.948,1.47506
2.95,0.410902
2.952,-0.248852
2.954,-0.0703676
2.956,0.679517
2.958,1.32135
2.96,1.31833
2.962,0.644033
2.964,-0.256301
2.966,-0.814715
2.968,-0.724059
2.97,-0.0943278
2.972,0.699324
2.974,1.3196
2.976,1.65555
2.978,1.76812
2.98,1.71883
2.982,1.50332
2.984,1.14474
2.986,0.785984
2.988,0.624365
2.99,0.74067
2.992,1.013
2.994,1.20778
2.996,1.14933
2.998,0.821061
3,0.35858
3.002,-0.0228783
3.004,-0.14454
3.006,-0.00532279
3.008,0.157414
3.01,0.0212428
3.012,-0.507846
3.014,-1.12295
3.016,-1.33795
3.018,-0.954682
3.02,-0.302026
3.022,0.0372098
3.024,-0.252354
3.026,-0.985452
3.028,-1.72601
3.03,-2.17419
3.032,-2.26601
3.034,-2.00317
3.036,-1.37608
3.038,-0.530052
3.04,0.124884
3.042,0.170699
3.044,-0.388216
3.046,-1.05326
3.048,-1.29476
3.05,-1.06246
3.052,-0.747338
3.054,-0.646029
3.056,-0.593866
3.058,-0.221224
3.06,0.505222
3.062,1.16451
3.064,1.35991
3.066,1.20173
3.068,1.1822
3.07,1.58482
3.072,2.14812
3.074,2.38575
3.076,2.16314
3.078,1.84072
3.08,1.84012
3.082,2.16921
3.084,2.44423
3.086,2.33542
3.088,1.90624
3.09,1.50629
3.092,1.40046
3.094,1.54672
3.096,1.69876
3.098,1.66545
3.1,1.46955
3.102,1.30007
3.104,1.32822
3.106,1.5384
3.108,1.72014
3.11,1.66183
3.112,1.3939
3.114,1.21459
3.116,1.4012
3.118,1.87075
3.12,2.19243
3.122,2.0126
3.124,1.4572
3.126,1.0345
3.128,1.10239
3.13,1.48512
3.132,1.67824
3.134,1.40599
3.136,0.894169
3.138,0.579589
3.14,0.646145
3.142,0.934984
3.144,1.25837
3.146,1.64289
3.148,2.1768
3.15,2.71053
3.152,2.88083
3.154,2.49743
3.156,1.81745
3.158,1.32496
3.16,1.23664
3.162,1.30647
3.164,1.15222
3.166,0.707011
3.168,0.272509
3.17,0.148937
3.172,0.309312
3.174,0.484837
3.176,0.507411
3.178,0.47499
3.18,0.573728
3.182,0.822074
3.184,1.05732
3.186,1.14463
3.188,1.11844
3.19,1.09038
3.192,1.07595
3.194,0.983503
3.196,0.777222
3.198,0.588281
3.2,0.606082
3.202,0.857021
3.204,1.13399
3.206,1.18975
3.208,1.01427
3.21,0.895573
3.212,1.15507
3.214,1.78135
3.216,2.33807
3.218,2.30495
3.22,1.57945
3.222,0.63745
3.224,0.124318
3.226,0.23351
3.228,0.524658
3.23,0.433419
3.232,-0.0320307
3.234,-0.193345
3.236,0.612159
3.238,2.2625
3.24,3.8546
3.242,4.51958
3.244,4.19605
3.246,3.56731
3.248,3.30775
3.25,3.49941
3.252,3.76948
3.254,3.81998
3.256,3.66756
3.258,3.42688
3.26,3.08404
3.262,2.60875
3.264,2.17063
3.266,2.0364
3.268,2.21014
3.27,2.3266
3.272,2.02636
3.274,1.37467
3.276,0.76917
3.278,0.437227
3.28,0.190186
3.282,-0.220711
3.284,-0.624622
3.286,-0.521815
3.288,0.289539
3.29,1.32688
3.292,1.8144
3.294,1.43993
3.296,0.612098
3.298,-0.0359545
3.3,-0.26637
3.302,-0.295039
3.304,-0.365733
3.306,-0.463803
3.308,-0.474874
3.31,-0.44574
3.312,-0.529696
3.314,-0.726645
3.316,-0.849981
3.318,-0.804759
3.32,-0.770705
3.322,-0.984928
3.324,-1.39137
3.326,-1.65036
3.328,-1.53077
3.33,-1.17444
3.332,-0.878545
3.334,-0.696025
3.336,-0.408728
3.338,0.0866664
3.34,0.530232
3.342,0.578126
3.344,0.273923
3.346,0.0665938
3.348,0.294452
3.35,0.773898
3.352,1.03656
3.354,0.931114
3.356,0.814667
3.358,1.06993
3.36,1.5632
3.362,1.76327
3.364,1.40448
3.366,0.854651
3.368,0.685059
3.37,0.944827
3.372,1.05446
3.374,0.502201
3.376,-0.472435
3.378,-1.05576
3.38,-0.739465
3.382,0.102547
3.384,0.61412
3.386,0.383553
3.388,-0.151335
3.39,-0.25418
3.392,0.259278
3.394,0.835264
3.396,0.833949
3.398,0.247536
3.4,-0.317407
3.402,-0.331054
3.404,0.0970974
3.406,0.389894
3.408,0.166334
3.41,-0.360706
3.412,-0.655586
3.414,-0.440638
3.416,0.0669599
3.418,0.462541
3.42,0.584213
3.422,0.572451
3.424,0.57009
3.426,0.506537
3.428,0.249836
3.43,-0.110333
3.432,-0.281871
3.434,-0.12501
3.436,0.1137
3.438,0.0574406
3.44,-0.304304
3.442,-0.510287
3.444,-0.138482
3.446,0.61318
3.448,1.00294
3.45,0.48688
3.452,-0.671839
3.454,-1.62698
3.456,-1.77186
3.458,-1.25298
3.46,-0.660596
3.462,-0.348294
3.464,-0.192359
3.466,0.0339463
3.468,0.263827
3.47,0.242736
3.472,-0.0755333
3.474,-0.433787
3.476,-0.605461
3.478,-0.664002
3.48,-0.794449
3.482,-0.928122
3.484,-0.762417
3.486,-0.192041
3.488,0.438688
3.49,0.66308
3.492,0.419961
3.494,0.0970919
3.496,0.0235229
3.498,0.0733299
3.5,-0.108466
3.502,-0.584444
3.504,-1.02292
3.506,-1.14337
3.508,-1.083
3.51,-1.17561
3.512,-1.45813
3.514,-1.60496
3.516,-1.39509
3.518,-1.06113
3.52,-1.01153
3.522,-1.28056
3.524,-1.4598
3.526,-1.231
3.528,-0.799879
3.53,-0.643296
3.532,-0.891376
3.534,-1.15355
3.536,-1.01059
3.538,-0.522876
3.54,-0.107995
3.542,0.0103797
3.544,0.0335977
3.546,0.216911
3.548,0.432669
3.55,0.274715
3.552,-0.428945
3.554,-1.36419
3.556,-2.04806
3.558,-2.29344
3.56,-2.27245
3.562,-2.20824
3.564,-2.17014
3.566,-2.18579
3.568,-2.36836
3.57,-2.76436
3.572,-3.13367
3.574,-3.09074
3.576,-2.56886
3.578,-2.02817
3.58,-2.02827
3.582,-2.57753
3.584,-3.04624
3.586,-2.82739
3.588,-2.02629
3.59,-1.37723
3.592,-1.46657
3.594,-2.14119
3.596,-2.74407
3.598,-2.84954
3.6,-2.63591
3.602,-2.53296
3.604,-2.65253
3.606,-2.69878
3.608,-2.40042
3.61,-1.87054
3.612,-1.44862
3.614,-1.26413
3.616,-1.09737
3.618,-0.706596
3.62,-0.189015
3.622,0.0937849
3.624,-0.055023
3.626,-0.404286
3.628,-0.515177
3.63,-0.187829
3.632,0.370429
3.634,0.812181
3.636,1.01274
3.638,1.1233
3.64,1.30525
3.642,1.49775
3.644,1.49459
3.646,1.22462
3.648,0.895177
3.65,0.813952
3.652,1.05708
3.654,1.32632
3.656,1.17042
3.658,0.400327
3.66,-0.675976
3.662,-1.44169
3.664,-1.45107
3.666,-0.781188
3.668,0.0728474
3.67,0.66169
3.672,0.950717
3.674,1.24018
3.676,1.76036
3.678,2.40687
3.68,2.89584
3.682,3.11742
3.684,3.24244
3.686,3.46005
3.688,3.69348
3.69,3.67262
3.692,3.29415
3.694,2.82867
3.696,2.70049
3.698,3.06376
3.7,3.62946
3.702,3.91147
3.704,3.62494
3.706,2.87295
3.708,2.02673
3.71,1.47154
3.712,1.4053
3.714,1.75786
3.716,2.24304
3.718,2.5434
3.72,2.53643
3.722,2.36913
3.724,2.28118
3.726,2.34612
3.728,2.42396
3.73,2.38322
3.732,2.30692
3.734,2.39793
3.736,2.68675
3.738,2.93157
3.74,2.88394
3.742,2.61455
3.744,2.47403
3.746,2.69607
3.748,3.11004
3.75,3.32363
3.752,3.17043
3.754,2.89139
3.756,2.84199
3.758,3.08867
3.76,3.37274
3.762,3.45146
3.764,3.37162
3.766,3.34595
3.768,3.41748
3.77,3.35749
3.772,2.93701
3.774,2.24024
3.776,1.63205
3.778,1.40472
3.78,1.49919
3.782,1.59703
3.784,1.45926
3.786,1.14425
3.788,0.912306
3.79,0.966232
3.792,1.29845
3.794,1.74156
3.796,2.1074
3.798,2.27499
3.8,2.20466
3.802,1.92769
3.804,1.52894
3.806,1.10532
3.808,0.718559
3.81,0.396861
3.812,0.187477
3.814,0.175811
3.816,0.405273
3.818,0.769042
3.82,1.02853
3.822,1.00014
3.824,0.74346
3.826,0.53733
3.828,0.636166
3.83,1.04052
3.832,1.50823
3.834,1.77628
3.836,1.75388
3.838,1.51821
3.84,1.18581
3.842,0.840247
3.844,0.56197
3.846,0.441411
3.848,0.497232
3.85,0.601546
3.852,0.558973
3.854,0.298909
3.856,-0.0395925
3.858,-0.256193
3.86,-0.311951
3.862,-0.355202
3.864,-0.511765
3.866,-0.702427
3.868,-0.728359
3.87,-0.524825
3.872,-0.256253
3.874,-0.122442
3.876,-0.129559
3.878,-0.141626
3.88,-0.154689
3.882,-0.400872
3.884,-1.06766
3.886,-1.93524
3.888,-2.42828
3.89,-2.1318
3.892,-1.23039
3.894,-0.344293
3.896,0.094212
3.898,0.232207
3.9,0.518327
3.902,1.10064
3.904,1.6189
3.906,1.62273
3.908,1.09591
3.91,0.464017
3.912,0.110472
3.914,0.00513971
3.916,-0.13839
3.918,-0.435033
3.92,-0.684086
3.922,-0.647439
3.924,-0.344866
3.926,0.0120859
3.928,0.315295
3.93,0.662915
3.932,1.14373
3.934,1.62234
3.936,1.83356
3.938,1.66676
3.94,1.2718
3.942,0.870512
3.944,0.54176
3.946,0.242987
3.948,-0.0218525
3.95,-0.167361
3.952,-0.179487
3.954,-0.214633
3.956,-0.464643
3.958,-0.934562
3.96,-1.41062
3.962,-1.65494
3.964,-1.59323
3.966,-1.317
3.968,-0.97901
3.97,-0.737658
3.972,-0.73546
3.974,-1.00235
3.976,-1.34137
3.978,-1.41092
3.98,-1.03846
3.982,-0.452005
3.984,-0.105084
3.986,-0.219386
3.988,-0.552212
3.99,-0.682578
3.992,-0.503832
3.994,-0.350291
3.996,-0.609633
3.998,-1.2709
